,0,1,2,3,4,5,6,7,8,9,10,11,12,13,14,15,16,17,18,19,20,21,22,23,24,25,26,27,28,29,30,31,32,33,34,35,36,37,38,39,40,41,42,43,44,45,46,47,48,49,50,51,52,53,54,55,56,57,58,59,60,61,62,63,64,65,66,67,68,69,70,71,72,73,74,75,76,77,78,79,80,81,82,83,84,85,86,87,88,89,90,91,92,93,94,95,96,97,98,99
0,0.18175000000000088,0.03796471909093461,0.045863200034415644,0.05353363408429755,0.052675337150697533,0.0387260812185059,0.023313760097350887,0.013454949434093371,0.007926254785349399,0.004851708940653704,0.003242582131287114,0.0022841712577541945,0.001654071775190875,0.0012556113600806092,0.0009746960324088634,0.0007719048378704998,0.0006181093853652098,0.0005059109815223347,0.00041859115598716796,0.0003498140988637426,0.000295124712521384,0.0002512132655464001,0.0002156121844928748,0.00018652207317426648,0.00016251565853142209,0.0001432208722127388,0.0001271646470715106,0.00011338729086209521,0.000101489714012572,9.1155718394152e-05,8.213253366063611e-05,7.421631222302805e-05,6.724125336717676e-05,6.107139370365487e-05,5.5599902132231894e-05,5.072696985880879e-05,4.637391303204595e-05,4.2474768169021055e-05,3.897980835417102e-05,3.590458233346691e-05,3.312758683653746e-05,3.061489240919559e-05,2.8337079835874775e-05,2.6268541170767724e-05,2.438690544081615e-05,2.2672563903142316e-05,2.110827535499986e-05,1.9678836229921646e-05,1.837080344934621e-05,1.717226049105755e-05,1.607261904936813e-05,1.5062450157520773e-05,1.4133339833587713e-05,1.3277765210443804e-05,1.2488987872994825e-05,1.1760961699307396e-05,1.1088252971308389e-05,1.0465970920062252e-05,9.889707157769131e-06,9.355482720160452e-06,8.862565461690488e-06,8.404518687219646e-06,7.97839673174746e-06,7.5815574314267e-06,7.224109018022065e-06,6.90157479936128e-06,6.599015296266087e-06,6.314900360800222e-06,6.047833628107371e-06,5.796539578162344e-06,5.559851975868933e-06,5.336703528874268e-06,5.126116616218626e-06,4.927194973394927e-06,4.739116215631771e-06,4.561125115522569e-06,4.3925275459783105e-06,4.2326850181091095e-06,4.08100974904489e-06,3.93696020925996e-06,3.800037088614081e-06,3.66977964696048e-06,3.5457624070039985e-06,3.4275921534785823e-06,3.3152941177319974e-06,3.2169706642990176e-06,3.1223959405725744e-06,3.031387201500066e-06,2.94377268920581e-06,2.8593908442435126e-06,2.7780895854608693e-06,2.699725645193383e-06,2.6241639624696117e-06,2.5512771221155843e-06,2.480944840134718e-06,2.4130534883312408e-06,2.3474956567774813e-06,2.2841697474425384e-06,2.2229796028905226e-06,2.163834157358095e-06
1,0.17799999999999663,0.017609928386831945,0.017630065102900626,0.018156867715656583,0.019211292900099975,0.020720774212450603,0.021780214196148926,0.02228855259953461,0.021627253574220153,0.019614626801911623,0.0166407506523594,0.0133089217758703,0.010304369756573197,0.007761673629795526,0.005719925938838958,0.004154131278161354,0.003018747251650275,0.0022085753184522155,0.001657294821218892,0.0012568573437122274,0.0009689990363985471,0.0007647100352976773,0.0006125216904092191,0.0005010545469105132,0.00041542847253191385,0.00034744921014479013,0.00029304060579815903,0.00024891806002350824,0.00021338932424796116,0.00018385420852043817,0.00015917542180715467,0.0001387533093982797,0.0001215952814719332,0.00010749349428493954,9.509618345307304e-05,8.433377092636434e-05,7.480156990073308e-05,6.65491038560642e-05,5.9283295028615384e-05,5.280529466766875e-05,4.7031629114024226e-05,4.1887285020947694e-05,3.7304893392850185e-05,3.322400036005609e-05,2.9590407706574823e-05,2.6355572394371217e-05,2.3476057972224196e-05,2.0913032920039593e-05,1.8631812168638994e-05,1.660143870941207e-05,1.4794302553905062e-05,1.318579450265353e-05,1.175399226743663e-05,1.0488359534138042e-05,9.36303070057832e-06,8.359646842036228e-06,7.464912839780137e-06,6.666979936227316e-06,5.955291392332335e-06,5.3204437108048315e-06,4.75406207311269e-06,4.248688723086845e-06,3.803284275372231e-06,3.4062488682300363e-06,3.05140090882989e-06,2.7341735129671592e-06,2.4505033410529364e-06,2.208198524214995e-06,1.9913976033468706e-06,1.7961117738608416e-06,1.6201819849085856e-06,1.4616681068111664e-06,1.3188265813352768e-06,1.1900903461810528e-06,1.0740508103873614e-06,9.694416716520985e-07,8.751243963834548e-07,7.900751893156041e-07,7.133732980511049e-07,6.441905220257766e-07,5.817818011391981e-07,5.25476768712535e-07,4.746721698458848e-07,4.288250631787259e-07,3.87446715340816e-07,3.5009712284761463e-07,3.163800925499013e-07,2.8593882695235727e-07,2.584519604779757e-07,2.336299949473597e-07,2.112121063562495e-07,1.909632672795441e-07,1.726716664503049e-07,1.561503989305768e-07,1.4140822885214122e-07,1.2806704211197418e-07,1.1599267782628447e-07,1.0506393947598161e-07,9.517132939814471e-08,8.621590690032924e-08
2,0.20788095238095478,0.017826823068900675,0.020845683170239736,0.024600413759709977,0.02738513212457903,0.026536840161572643,0.021907081561140584,0.01719740760902365,0.013139375883133256,0.00991052411562067,0.007523747075478129,0.005722404765506345,0.004394358900212829,0.0034305921495203623,0.002671384454032171,0.0020872707876558806,0.0016442663894030711,0.0012992501086327977,0.0010297498189924227,0.0008177971810396186,0.0006533463027381057,0.000525566166776273,0.0004235413306275315,0.000342248763978346,0.0002775597734555559,0.00022546236673556371,0.00018340848857081423,0.00014939525204361152,0.0001224025891309521,0.00010057180996802848,8.274506440671894e-05,6.848307047833065e-05,5.762038494715381e-05,4.856992341322093e-05,4.14694360973867e-05,3.5627570038493225e-05,3.063923008635544e-05,2.6373839725606432e-05,2.2722012863852413e-05,1.9591836715924078e-05,1.7043286322446722e-05,1.4829270919494114e-05,1.2904513045750815e-05,1.1231120407494926e-05,9.776148824098413e-06,8.510963977952288e-06,7.4106837680779775e-06,6.456594115255922e-06,5.627779325768217e-06,4.906238631856297e-06,4.282246662650173e-06,3.7451396846675415e-06,3.2754697655637544e-06,2.8647898822828366e-06,2.505701896451543e-06,2.1917289874954663e-06,1.917202918143935e-06,1.6771645670551994e-06,1.4698756475705482e-06,1.290878742064998e-06,1.1337393765296316e-06,9.957847532171847e-07,8.74668450938613e-07,7.683308602691908e-07,6.760053591385298e-07,5.949234835573244e-07,5.235772948397015e-07,4.6079849327620594e-07,4.0555844299120357e-07,3.569516450291156e-07,3.141811167709051e-07,2.7654548135026426e-07,2.4342756107158646e-07,2.1428432028072963e-07,1.8863798958246698e-07,1.6606824473040793e-07,1.462053157928645e-07,1.2888061587737476e-07,1.1361793334164641e-07,1.0016457629544967e-07,8.83097380948181e-08,7.786049161235304e-08,6.86491217027114e-08,6.052888351004307e-08,5.337041936468287e-08,4.70597077876163e-08,4.149624679115893e-08,3.660784791994855e-08,3.2312934023444514e-08,2.8522155519102628e-08,2.5176325931261908e-08,2.2223205781554282e-08,1.9616685350514514e-08,1.7316068721515935e-08,1.5285439048176586e-08,1.349309559694042e-08,1.1911061034064078e-08,1.0514643792552164e-08,9.2820527107716e-09,8.194054799017564e-09
3,0.17144047619047656,0.018968624187556602,0.018972968441759684,0.018794522654188073,0.018381589839306687,0.01765264459069505,0.016435807342008148,0.014672059483476742,0.012754297288555464,0.010985229231527583,0.009292529919044636,0.007865146904929506,0.006588103942342146,0.0053849571194258105,0.0043388248916572765,0.0034829514087367963,0.002793399040951171,0.002243904901614096,0.0018053682231261026,0.0014617643293560409,0.0011996101284874941,0.0010318098958245075,0.0008965831577087195,0.0007887850781308442,0.0007055178328934335,0.0006332911993000726,0.0005706403342316217,0.0005206384911265104,0.00048026575063129975,0.0004459493601374571,0.0004150522755974125,0.00038819780896710544,0.00036573663746168855,0.0003452435809039406,0.00032631018848119274,0.0003090971491050034,0.0002937206524126564,0.0002792697432803521,0.00026569491906440826,0.0002529462578061429,0.0002409744209894501,0.0002297313445135619,0.00021917070340354987,0.00020924821150783125,0.00019992180049667265,0.00019115171053380096,0.00018290051649091623,0.0001751331074774921,0.00016781663300659576,0.00016092042584440282,0.00015441590914685752,0.0001482764936484567,0.00014247746925728728,0.00013699589434750168,0.00013181048518533988,0.0001269015073029191,0.00012225067011537076,0.00011784102568084384,0.00011365687222238774,0.00010968366276764613,0.00010590791909984467,0.00010231715106914884,9.889978121728234e-05,9.564507457585478e-05,9.254307347341187e-05,8.958453711166833e-05,8.676088568802363e-05,8.406414878914718e-05,8.148691780373198e-05,7.902230208721241e-05,7.666388862059092e-05,7.440570491119252e-05,7.224218489725985e-05,7.016813762595667e-05,6.817871848727498e-05,6.626940280331947e-05,6.443596158207224e-05,6.267443925397265e-05,6.098113323597942e-05,5.9352575162696106e-05,5.778551364732971e-05,5.627689844604915e-05,5.4823865901253945e-05,5.342372556003528e-05,5.2073947864549695e-05,5.077215282306499e-05,4.9516099582196105e-05,4.830367681542715e-05,4.713289386756462e-05,4.6001872585200156e-05,4.4908839776197736e-05,4.385212024755296e-05,4.2830130369142715e-05,4.1841372124795064e-05,4.088442760335967e-05,3.995795390053588e-05,3.906067839141644e-05,3.8191394350068145e-05,3.734895688078448e-05,3.653227914021821e-05
4,0.10298809523809518,0.023006437595573383,0.023074817840263016,0.02283277360713772,0.022875051634722726,0.02350340465658563,0.024042288286710522,0.0249424205427872,0.024793086625688143,0.02334780525729811,0.02052529722661999,0.01725519310497244,0.01393271446095661,0.01077272015788863,0.008200282980697027,0.006216130265835965,0.004671958752312099,0.0035499116837096204,0.002736173388481083,0.0021922785970190863,0.0018448423286957405,0.001580619984615044,0.0013629343106952472,0.0011819694646586544,0.0010303149597644151,0.0009023270105537754,0.0007936509466593935,0.0007041000198708066,0.0006288990073292694,0.0005643151149393985,0.0005082337739011816,0.0004593313060255247,0.00041660246045803793,0.0003799956026895625,0.000347928609393817,0.0003194650116070543,0.00029411017041691006,0.0002714444170280008,0.00025111138662745443,0.00023280809789644828,0.00021627655325143251,0.00020129665208912047,0.00018768022833245298,0.00017526604386243583,0.00016391558989549646,0.00015350956813954585,0.00014400770166975263,0.00013547708370209818,0.00012756982101582204,0.00012022549254418218,0.00011339124687448503,0.000107020698016871,0.00010107299454100466,9.551203365749796e-05,9.030579667707603e-05,8.542578623473093e-05,8.084654897008851e-05,7.65452700651854e-05,7.250142829052599e-05,6.869650205378735e-05,6.511371850677799e-05,6.173783903074776e-05,5.8554975490168896e-05,5.555243254351896e-05,5.271857203164247e-05,5.0042696094134854e-05,4.751494619244944e-05,4.512621564883076e-05,4.2868073686666086e-05,4.073269926915137e-05,3.8712823295368686e-05,3.680167793490789e-05,3.49929520705452e-05,3.328075197572892e-05,3.165956648638354e-05,3.012423604216215e-05,2.8669925064973763e-05,2.7292097223751313e-05,2.598649320387925e-05,2.4749110654731224e-05,2.35761860350926e-05,2.2464178128708775e-05,2.140975302105472e-05,2.0409770363507022e-05,1.946127078643727e-05,1.8561464323933585e-05,1.770771974520852e-05,1.689755470197322e-05,1.6128626598784007e-05,1.5434188920400555e-05,1.4779838817420748e-05,1.415762373362013e-05,1.3565849617536384e-05,1.3004847375247684e-05,1.2471450459330825e-05,1.196380230028967e-05,1.1480560187652066e-05,1.1020453600954084e-05,1.0582280303533041e-05,1.0164902647181275e-05
5,0.1960833333333342,0.03215859406198214,0.03757032987509993,0.04417785771263689,0.047852569207989804,0.044813644682217144,0.03520848473424404,0.02425329914326624,0.015572188669309138,0.010202374700965583,0.006706160698483081,0.004525889763259348,0.003241409696981321,0.002422983875986508,0.0018367926973455572,0.0014261465856018458,0.0011204009258091237,0.0008870590126863673,0.0007072098818693137,0.0005676961769161576,0.0004594184273612722,0.00037350504869935195,0.000306656607748682,0.0002533391174830895,0.0002108038206851379,0.00017622575397458853,0.00014946905495794987,0.0001289148040501669,0.00011343123332590385,0.0001012416131141069,9.090126550264914e-05,8.208233186996133e-05,7.436666442808045e-05,6.805693318857561e-05,6.244879037975279e-05,5.761188673796317e-05,5.324876523499504e-05,4.925474459562675e-05,4.5593810571831934e-05,4.233649460981067e-05,3.9515796540380973e-05,3.69321189631755e-05,3.4511862246775094e-05,3.2247296415927276e-05,3.0130432522392425e-05,2.8153190412997845e-05,2.630753067022575e-05,2.458560005584567e-05,2.298327462886923e-05,2.148893726813575e-05,2.0145797736064595e-05,1.8890543600531085e-05,1.7713601132618456e-05,1.666577380821942e-05,1.5705621923935206e-05,1.47997475626922e-05,1.3945624773194917e-05,1.3140700511801386e-05,1.2382435514866957e-05,1.1668334796139075e-05,1.0995969904071664e-05,1.0362994668430747e-05,9.767155831527708e-06,9.206299690650683e-06,8.678375661315845e-06,8.181437477838288e-06,7.71364261747849e-06,7.273250403559286e-06,6.858619154625346e-06,6.468202661440994e-06,6.100546221606246e-06,5.754282397426757e-06,5.4281266422846145e-06,5.120872877972813e-06,4.831389126041826e-06,4.558613216747489e-06,4.301548643140307e-06,4.059260571685292e-06,3.830872033855541e-06,3.6155603020249434e-06,3.4125534655838588e-06,3.2211271960218995e-06,3.0406017034005704e-06,2.8703388836058238e-06,2.7097396364917215e-06,2.558241361647959e-06,2.4153156170873556e-06,2.2804659272070117e-06,2.1532257406246116e-06,2.0331565225441063e-06,1.9198459744044404e-06,1.8129063745689659e-06,1.7119730298651071e-06,1.6167028295811507e-06,1.5267728989163502e-06,1.4418793407747066e-06,1.361736061187052e-06,1.2860736747449672e-06,1.2146384780613606e-06,1.1471914965496777e-06
6,0.3314166666666643,0.017135050197076448,0.020220899686548076,0.028307516901515232,0.04180099393530455,0.05382317147819299,0.05185339716100084,0.037553866009531436,0.02193719423930351,0.011858788561486325,0.0063681659412923725,0.003527855825340812,0.0021025855707292322,0.0014048016239641815,0.0010257120469890249,0.0007815663508173741,0.0006228640064807646,0.0005095197913988229,0.0004185130221795061,0.0003461777908167059,0.0002879920014189759,0.0002405563031119982,0.00020175359581663905,0.00016987237565562117,0.00014355039728675432,0.00012171066716071266,0.00010350285710673415,8.82542600889483e-05,7.543052639791815e-05,6.46049631894011e-05,5.5434817934833496e-05,4.764305173414523e-05,4.1004343270294374e-05,3.533431988254204e-05,3.0482297945451375e-05,2.632195892325408e-05,2.2748023226325637e-05,1.96733703088459e-05,1.702487505622828e-05,1.4740920254441788e-05,1.2769402774233385e-05,1.1066125051383982e-05,9.59348924972526e-06,8.319430771351808e-06,7.216542275466463e-06,6.261350313314532e-06,5.433715009423816e-06,4.716329528161054e-06,4.094300944497123e-06,3.554797915096949e-06,3.086753410399902e-06,2.6806131024799396e-06,2.3281217538117475e-06,2.022141387210804e-06,1.7564961407733854e-06,1.5258395944448e-06,1.325541107685382e-06,1.1515882782790952e-06,1.0005030968454422e-06,8.692697867584777e-07,7.552726295078598e-07,6.562423242996837e-07,5.702096856778836e-07,4.954656256438547e-07,4.305265526518514e-07,3.741044373748289e-07,3.250808904386211e-07,2.824847127394503e-07,2.4547244509039765e-07,2.133115037165702e-07,1.8536556480042155e-07,1.6108187029973647e-07,1.3998023972341162e-07,1.2164350885359482e-07,1.0570925449020416e-07,9.186259380856393e-08,7.982993971422658e-08,6.937358416991041e-08,6.028697996869812e-08,5.239065747798215e-08,4.5528672625622894e-08,3.956551509684547e-08,3.438343551195877e-08,2.9880113265105616e-08,2.5966635856403527e-08,2.2565737925076386e-08,1.961027795209315e-08,1.7041908131204542e-08,1.4809929341913497e-08,1.2870280121408356e-08,1.1184670217271954e-08,9.719827571280648e-09,8.446836277554398e-09,7.340568788233304e-09,6.3791894965819255e-09,5.543721118074694e-09,4.817673519543922e-09,4.186713867954106e-09,3.638391985511762e-09,3.161881332651241e-09
7,0.17583333333333448,0.024031907059803636,0.028537013692479987,0.03558196341943058,0.04307942257816831,0.046135640476291484,0.04372349492147676,0.03423282675232099,0.02341855261704508,0.015153913312422192,0.009877709728661905,0.006536818196951149,0.0044864998485813585,0.0031685957114003355,0.002276816290561498,0.0016675815970803895,0.0012327506145067737,0.0009147746064788175,0.0006822731041923275,0.0005119161718295662,0.00038644038476699116,0.00029665127940413794,0.00023248426338034835,0.0001845972406066342,0.00014813286465803068,0.00012120764355153985,0.00010085231569066135,8.598878233798695e-05,7.569392986836206e-05,6.757190037592575e-05,6.0877487634554616e-05,5.4867803209830103e-05,4.948016351296513e-05,4.4665734788949955e-05,4.041514169947531e-05,3.65849771520864e-05,3.313586200513157e-05,3.003047881558796e-05,2.7234154168228768e-05,2.471511385454192e-05,2.2444526042087803e-05,2.0396412501113778e-05,1.8549450077861534e-05,1.6926325986550447e-05,1.545016663062615e-05,1.4107217505452943e-05,1.2884993252426944e-05,1.1772186990866168e-05,1.0758574852143415e-05,9.834920902495614e-06,8.992885654487573e-06,8.224940008418702e-06,7.524285571794211e-06,6.88580224926863e-06,6.303612983995817e-06,5.771531977794059e-06,5.285121141050278e-06,4.8403515967452726e-06,4.433564324426838e-06,4.06143462142109e-06,3.720940055829026e-06,3.4093316044813256e-06,3.1241076604801674e-06,2.8629906469132647e-06,2.6239059540614825e-06,2.404962979222154e-06,2.20443803821973e-06,2.020758964199918e-06,1.8524912134004162e-06,1.6983253208926224e-06,1.5570655667088051e-06,1.4276197310348685e-06,1.3089898209042716e-06,1.20026367170457e-06,1.1006073404880797e-06,1.0092582004694178e-06,9.255186780906394e-07,8.487505624246815e-07,7.783698334440172e-07,7.138419606925382e-07,6.546776212019394e-07,6.004288056486332e-07,5.50685265100076e-07,5.050712785783765e-07,4.632427020907175e-07,4.248842768272183e-07,3.8970717299173706e-07,3.57446747505989e-07,3.2786049633848545e-07,3.0072618182370406e-07,2.7584012439537633e-07,2.5301563849982967e-07,2.320816024825193e-07,2.1288115254099182e-07,1.952704850638674e-07,1.7911776351764046e-07,1.6430211544517831e-07,1.5071271752274883e-07,1.3824795369946075e-07,1.2681464823041666e-07
8,0.11275000000000146,0.01574384789564787,0.0148149681918437,0.013797632450263966,0.012739163248271443,0.011546821334432023,0.010344190833207102,0.009143188779172627,0.008065496763746113,0.007055950849581447,0.006236504377884233,0.00552277872705899,0.004901419526878616,0.004310969412004178,0.0038220763891153023,0.0034497796342926076,0.0031587033737319518,0.0029029812156499166,0.002683226683563344,0.002505716097326536,0.00237025175898611,0.0022488395217025955,0.002144656471476863,0.0020500764291720105,0.0019642138675417115,0.001886109003207908,0.0018148041819773353,0.001756186273555656,0.001706652325629349,0.001661667981770353,0.0016202053889415075,0.0015807156993150398,0.0015428086691390663,0.0015108242187018175,0.001489513086206173,0.0014678407857950917,0.0014497271695764916,0.0014319175214533198,0.0014133094163215362,0.0013990021608589664,0.0013838752664618622,0.0013673932634733824,0.0013495817450126543,0.0013304799956824179,0.001310139426838815,0.0012886221229083106,0.0012659994616369913,0.0012423507821740193,0.001217762084796766,0.0011923247545891596,0.0011661343083711265,0.00113928916957166,0.001111889479621628,0.001084035956876708,0.0010558288152421591,0.0010273667547158571,0.0009987460351872468,0.0009700596432555672,0.0009413965597452007,0.0009137874685443077,0.0008894406122545182,0.0008651218572691738,0.0008409026273010925,0.0008168487774464801,0.0007930204671827949,0.0007694721172023879,0.0007462524420556548,0.0007234045498313223,0.0007009660997374924,0.0006791182618113627,0.0006581422244625036,0.0006376056824326773,0.0006175308179931732,0.0005979354613905447,0.0005788334233938783,0.0005602348311734949,0.0005421464622183929,0.0005245720718125736,0.0005083907265399219,0.0004928978075279186,0.00047782413822822223,0.0004631699464451825,0.0004489336607226379,0.00043511213856807507,0.0004217008784787253,0.0004086942155575491,0.00039608550079659507,0.000383867264344466,0.00037203136327572085,0.000360569114507129,0.0003494714136358488,0.0003387288405319768,0.000328331752574378,0.00031827036644297167,0.00030853482936656274,0.00029911528074343406,0.00029000190498882104,0.00028118497646499797,0.0002726548972809451,0.00026440222871658425
9,0.24333333333333326,0.021931569861409594,0.02384784136689769,0.028360245962638638,0.03557824136499565,0.04156124904710053,0.039642873404322564,0.030485299141995235,0.01989467388349903,0.012250483458736531,0.007700679684957658,0.005020722959463463,0.003514025415953556,0.002603729229116776,0.0020007902328107335,0.0015493290746285246,0.0012170962723755455,0.0009713709047765222,0.0007838535364570395,0.0006381223156047555,0.0005231670229468344,0.0004353199238692539,0.0003665319946625808,0.00030983584748113725,0.0002628343291972602,0.00022366171110806726,0.00019085591341687507,0.00016326274127943696,0.00013996409575451157,0.00012022407093778777,0.00010344836097388078,8.915355943411392e-05,7.694381232861999e-05,6.649294643453004e-05,5.7530686998970935e-05,4.9831943444951805e-05,4.3208410132534024e-05,3.7501926057778135e-05,3.257918136300853e-05,2.8327463722505946e-05,2.4659721198165463e-05,2.1488905567733957e-05,1.873960568714702e-05,1.635369212317247e-05,1.4281385626017642e-05,1.2480000268076466e-05,1.0912886646648784e-05,9.548541023359145e-06,8.359852612860963e-06,7.323466266049136e-06,6.419241831321157e-06,5.629794734253407e-06,4.940104956436552e-06,4.3371837356664054e-06,3.8097890837204433e-06,3.352976570249635e-06,2.954641344257416e-06,2.6047731614426556e-06,2.2973120379221016e-06,2.031124021942822e-06,1.8016898954764958e-06,1.5987145301448496e-06,1.419068652393813e-06,1.2600042543470743e-06,1.1191065646490406e-06,9.94252285554248e-07,8.835732530329741e-07,7.854247874276259e-07,6.98358110453115e-07,6.21096283927512e-07,5.525132087378013e-07,4.916152746172504e-07,4.378017335349248e-07,3.899768944383034e-07,3.4741945684103284e-07,3.0954370965881726e-07,2.7582979990882296e-07,2.4581622757378116e-07,2.190932159364211e-07,1.9529683872592756e-07,1.7410382887888503e-07,1.5522698354227577e-07,1.3841109080571512e-07,1.23429327514946e-07,1.100800681263265e-07,9.830552142508656e-08,8.809296016810766e-08,7.894142531551399e-08,7.074065345704808e-08,6.339184631263698e-08,5.680647900536763e-08,5.0926205584897067e-08,4.5654483749046904e-08,4.092801204841742e-08,3.6690450927963555e-08,3.28912763895057e-08,2.9485178862464253e-08,2.6431527935353542e-08,2.3693887970928163e-08,2.123958539180277e-08
10,0.26608333333333184,0.02413886672346883,0.04529135405882882,0.07941958684218296,0.07800087986353861,0.043503372860726634,0.018722948779814556,0.00846741051696243,0.004267227464523696,0.002383192847749472,0.0014116383292625996,0.0008666437169518783,0.0005729005013686839,0.00040435251256692697,0.0002959986127657357,0.0002234646764163632,0.00017382105272360603,0.00013771967479183066,0.00011071334522151685,9.002677666875068e-05,7.38698726534708e-05,6.104958619543519e-05,5.074562727252961e-05,4.237756313726355e-05,3.55239377358599e-05,2.987167821596234e-05,2.518356732238677e-05,2.127676503175104e-05,1.8008260840462566e-05,1.5264783077936982e-05,1.2955644465064623e-05,1.1007566937016879e-05,9.360869662760537e-06,7.966614853656083e-06,6.784439019826e-06,5.78088306397467e-06,4.928091092513845e-06,4.202785600393763e-06,3.585452542627383e-06,3.0596876835157363e-06,2.6116682458335823e-06,2.2297228828491503e-06,1.903979514018067e-06,1.6260753529095623e-06,1.3889169802752742e-06,1.186480977626005e-06,1.0136476478611302e-06,8.660618647551535e-07,7.400162943752708e-07,6.323531426349033e-07,5.40381315946294e-07,4.6180643133436583e-07,3.9467159726298604e-07,3.373072323616121e-07,2.8828848566274066e-07,2.4639907996355665e-07,2.1060056573051258e-07,1.8000617104173338e-07,1.5385853250043212e-07,1.315107300240815e-07,1.1241012197508378e-07,9.608455941913065e-08,8.21306321450544e-08,7.020363796340503e-08,6.000902058156833e-08,5.129506373417316e-08,4.3846649302775116e-08,3.747993143065312e-08,3.203778520636835e-08,2.738591850946998e-08,2.3409551403381725e-08,2.0010581760298906e-08,1.7105155517563157e-08,1.4621601355071753e-08,1.2498657571127443e-08,1.0683960003911241e-08,9.132748056591602e-09,7.806764193308967e-09,6.6733040670197305e-09,5.704413259196055e-09,4.876197180469587e-09,4.16823022292594e-09,3.5630529049168006e-09,3.045741746888831e-09,2.6035373825542942e-09,2.2255369291609757e-09,1.902416937652116e-09,1.626210942508034e-09,1.3901061125491236e-09,1.1882807766574507e-09,1.0157583278365892e-09,8.682834598693243e-10,7.422206647101853e-10,6.344600232958264e-10,5.42344501443003e-10,4.636039067232148e-10,3.962946651917831e-10,3.3875807903930376e-10,2.8957480850392334e-10,2.475323651030215e-10
11,0.2969999999999989,0.01977736754511589,0.021505344940904513,0.024443316359755864,0.02881700088134446,0.03114826046396634,0.029824934132258157,0.025596332829991946,0.019841491678196117,0.0150552378477177,0.011433355629292263,0.008437139668530703,0.006199445023577335,0.004520685894450973,0.003294290480298199,0.0024590427895461063,0.0018874283027093329,0.00147312293352984,0.0011658048336677356,0.0009304291355659171,0.0007484205265086114,0.0006061614870854666,0.0004951576884493046,0.0004071326759149763,0.00033725242980884196,0.0002805585279355933,0.00023403089364773508,0.00019557829517494407,0.0001635839334341986,0.00013692341217790675,0.00011467933459178258,9.616667028197521e-05,8.071383644655896e-05,6.775996593331828e-05,5.6896658408497345e-05,4.778343423226686e-05,4.0136112463224636e-05,3.371726737911247e-05,2.833883382830578e-05,2.382303988000649e-05,2.0028136328543257e-05,1.6838738676390316e-05,1.415800372399505e-05,1.1904632189250436e-05,1.0010360326604645e-05,8.417859675400458e-06,7.0789777122144085e-06,5.953263442695496e-06,5.006731316244525e-06,4.21082458901416e-06,3.541545683214399e-06,2.9788735547034824e-06,2.5058598869472293e-06,2.108001458055324e-06,1.773347967315728e-06,1.4918512211372696e-06,1.255061968395798e-06,1.055875142820864e-06,8.883157690026915e-07,7.473590207874045e-07,6.287789769628325e-07,5.290214814506517e-07,4.4509726301753973e-07,3.744920797084879e-07,3.1509117471384805e-07,2.6511575399818956e-07,2.2306957596561284e-07,1.8769404220015424e-07,1.5793042791465865e-07,1.3288812149862432e-07,1.1181791617681117e-07,9.408954527331617e-08,7.91727925684993e-08,6.662159826314423e-08,5.606069874168221e-08,4.717438330397093e-08,3.9697038523915455e-08,3.340569502715314e-08,2.811177569275141e-08,2.365700420306284e-08,1.9908329953327586e-08,1.6753804524508823e-08,1.4099233320782889e-08,1.1865360389654419e-08,9.985496261948255e-09,8.40352689518431e-09,7.072235237665489e-09,5.951889707775779e-09,5.009058208394717e-09,4.215607997602535e-09,3.5478666096259e-09,2.9859126089318686e-09,2.512984050266025e-09,2.1149740983847763e-09,1.7800123381709966e-09,1.4981093649839096e-09,1.260859385401087e-09,1.0611877661326208e-09,8.931415520357922e-10,7.517110507968391e-10
12,0.05491666666666826,0.02142694152116228,0.02174807170616134,0.021787282334732743,0.021392070479875302,0.020111656349798588,0.018375637579896683,0.01648317105222286,0.014269140271552318,0.01199998034681894,0.009951119653045907,0.0085323196169888,0.007256469778891126,0.0061914021691396575,0.00530223527954903,0.00458010221411677,0.003978437865781311,0.0034726912278961156,0.0030430997575126057,0.0026700758981596214,0.0023659825129825687,0.0021159415223492143,0.0018909027161616442,0.001689020266112813,0.001508363509695571,0.0013470205599168397,0.0012031537164316276,0.0010750288823973258,0.0009610305919058091,0.0008596685995803457,0.0007695791495247966,0.000689540846206042,0.0006184522340570287,0.0005552479359063554,0.000499033065733039,0.0004490082826558068,0.00040446202229436407,0.00036476264690218625,0.0003294268185242252,0.00029789599238530176,0.00026970668266440275,0.00024447627828814273,0.00022208193198546244,0.0002026394899832259,0.00018515344665015994,0.00016940562552133324,0.00015520384443807835,0.00014237875109100398,0.00013132609018427015,0.00012148636257844715,0.00011280813082144529,0.00010489783860524614,9.767702168211018e-05,9.146043710138e-05,8.598147284335462e-05,8.093263168462501e-05,7.630896676936958e-05,7.219570430499998e-05,6.837863094064267e-05,6.483133922823977e-05,6.153021876134152e-05,5.853678669497911e-05,5.586720450862548e-05,5.3648308512762644e-05,5.1717242158151265e-05,4.994277975170436e-05,4.828800335856168e-05,4.67130823152698e-05,4.5213076989279436e-05,4.378343070204357e-05,4.24199329691317e-05,4.1118686906734186e-05,3.9876080268158964e-05,3.868875967376996e-05,3.75536076289777e-05,3.646772199861501e-05,3.542839763457933e-05,3.443310990440379e-05,3.3479499892860914e-05,3.256536108133254e-05,3.174506409824747e-05,3.0960328680334125e-05,3.0204216608069867e-05,2.947543942887428e-05,2.8772775001513968e-05,2.822226197448486e-05,2.771560187615015e-05,2.7220343541985268e-05,2.673987603619284e-05,2.6339030111631528e-05,2.5943123445246306e-05,2.5552339070032358e-05,2.5166828892702068e-05,2.4786716941217676e-05,2.4412102284989743e-05,2.40430616768938e-05,2.3679651930643257e-05,2.33219120718942e-05,2.2969865274772656e-05,2.262352061104407e-05
13,0.441916666666662,0.018909174372275312,0.029972619623237134,0.0634042902987719,0.08802247337525526,0.05628527559079195,0.01980652980122194,0.005428770871796421,0.0014708066588275145,0.0004583126994892071,0.00019969841470016909,9.446457078325918e-05,4.710543768590182e-05,2.5911311562230432e-05,1.4771159612163001e-05,8.882703226089327e-06,5.460028532020875e-06,3.3615734011307015e-06,2.0718795752629827e-06,1.274129613640677e-06,7.794022441941614e-07,4.751766039725773e-07,2.8908208416013474e-07,1.7562703382991346e-07,1.0660464581540039e-07,6.467111388676388e-08,3.9217595534482714e-08,2.3776303978168684e-08,1.4412427920409035e-08,8.735417222006489e-09,5.294185494821321e-09,3.2084708677394727e-09,1.944391804651722e-09,1.178310154030675e-09,7.140488958421096e-10,4.3270411717365575e-10,2.6221153218698526e-10,1.5889628864286124e-10,9.628627059232532e-11,5.834970697959709e-11,3.535589721538414e-11,2.14251218453151e-11,1.2983516264836577e-11,7.867777764857174e-12,4.768161033418975e-12,2.888935804369013e-12,1.7501124557498367e-12,1.0614461318820505e-12,6.429764335045908e-13,3.8809438054105656e-13,2.3653998526749846e-13,1.4330463898870605e-13,8.632492042621414e-14,5.304025448016336e-14,3.2496265103424244e-14,1.9448914205323828e-14,1.23817436958091e-14,6.868513694310455e-15,3.978495360538022e-15,2.7078723687948678e-15,2.4397336829367383e-15,1.9120679741905075e-15,8.561479898044106e-16,2.99983252524275e-16,2.37750047823607e-16,1.7111808002314075e-16,9.751624111383909e-17,1.5909892451101573e-16,8.202763864976045e-17,4.048720684110155e-17,5.3063952041933404e-17,2.258238239262665e-17,4.414251702262411e-17,1.610814656264178e-17,7.384965654872693e-17,4.3461018514204647e-17,1.3939742217670773e-17,5.978600551134353e-18,2.4781763942525814e-19,1.3877787807814457e-17,4.417349422755227e-17,3.618137535608769e-17,2.0135183203302227e-18,9.912705577010326e-18,3.717264591378872e-17,3.7203623118716883e-17,2.0135183203302227e-18,9.912705577010326e-18,3.618137535608769e-17,3.0264729214809655e-17,1.8865117801247777e-17,4.318222366985123e-17,3.2278247535139876e-17,3.6243329765944004e-17,4.0208411996748133e-17,4.0208411996748133e-17,4.0208411996748133e-17,4.0208411996748133e-17,4.0208411996748133e-17,4.0208411996748133e-17
14,0.36249999999999727,0.027503284259777976,0.05894466866024074,0.09568281040515976,0.0747964084991025,0.032482837586948525,0.012522897100953815,0.005555222477876594,0.002750119935715619,0.0014232059332387563,0.0007506607514366073,0.0003980212992308714,0.0002113468814119509,0.00011227970219958057,5.966375144433865e-05,3.171095356395649e-05,1.6858180549568897e-05,8.964611230654082e-06,4.768526004146598e-06,2.5373226496177133e-06,1.3505414412160556e-06,7.191471895555263e-07,3.832472308428223e-07,2.0433047678500293e-07,1.0896500008990879e-07,5.812090938600281e-08,3.100712703312961e-08,1.6545016115204162e-08,8.829633878587397e-09,4.712832747691211e-09,2.515819124827052e-09,1.3431670729763652e-09,7.171807018545504e-10,3.8297662945207296e-10,2.0452916542940917e-10,1.092380311950739e-10,5.834833323349014e-11,3.116851828716127e-11,1.6650489147174152e-11,8.895081719806353e-12,4.752760932829376e-12,2.539511631736792e-12,1.3571180389788344e-12,7.251828106267868e-13,3.872106008844562e-13,2.0675289357547603e-13,1.1030276394644441e-13,5.944810615998719e-14,3.1608024729314263e-14,1.693771611061783e-14,9.120556492587488e-15,4.56926163572291e-15,2.806658675310761e-15,1.5374606349943017e-15,8.739289054331729e-16,5.005916316390214e-16,1.989975644584823e-16,1.7433970933566911e-16,8.549708560171406e-17,7.397356536843956e-17,6.009577756062511e-17,7.347793008958904e-17,1.313433488953868e-16,6.653903618568181e-17,7.19910242530375e-17,1.278739019434332e-16,7.694737704154265e-17,7.236275071217538e-17,8.834698845510454e-17,8.425799740458777e-17,8.970998547194345e-17,5.960014228177458e-17,2.4410037483387928e-17,6.096313929861351e-17,5.712196588752201e-17,1.9949319973733282e-17,6.096313929861351e-17,5.712196588752201e-17,1.9949319973733282e-17,6.096313929861351e-17,5.712196588752201e-17,1.9949319973733282e-17,6.096313929861351e-17,5.712196588752201e-17,1.9949319973733282e-17,6.096313929861351e-17,5.712196588752201e-17,1.9949319973733282e-17,6.096313929861351e-17,5.712196588752201e-17,1.9949319973733282e-17,6.096313929861351e-17,5.712196588752201e-17,1.9949319973733282e-17,6.096313929861351e-17,5.712196588752201e-17,1.9949319973733282e-17,6.096313929861351e-17,5.712196588752201e-17,1.9949319973733282e-17
15,0.3282499999999978,0.022765236503428717,0.041272249222468395,0.07370802581764854,0.0787435659949278,0.04653527966787869,0.01843344452721544,0.007159532761082137,0.0031879053538982913,0.0015619453249534078,0.0008606831159145891,0.0005031609956224546,0.0003038491467717221,0.0001923000734168818,0.00012312194039693124,7.98835041584821e-05,5.2092627626276026e-05,3.399034023123541e-05,2.2184521785689613e-05,1.4480256019600794e-05,9.451229493352375e-06,6.168275467980801e-06,4.025258744679525e-06,2.626499883564594e-06,1.7136318390827653e-06,1.1179414841642611e-06,7.292685162838928e-07,4.756943638021003e-07,3.102741054429121e-07,2.0236913101071801e-07,1.3198598027188514e-07,8.607937952238457e-08,5.6138487211977826e-08,3.661124731319064e-08,2.3876035441645705e-08,1.557058881073377e-08,1.0154161348310026e-08,6.621861290142191e-09,4.3183091034067395e-09,2.8160831763588847e-09,1.8364361418583434e-09,1.1975814079251808e-09,7.809687221692737e-10,5.09284861802525e-10,3.321149515494805e-10,2.165781418913112e-10,1.412347542365165e-10,9.210185169091937e-11,6.006111877684565e-11,3.916700396550914e-11,2.554149866557506e-11,1.665587137457601e-11,1.0861479374632159e-11,7.082899495089049e-12,4.619030232704586e-12,3.0120675918732243e-12,1.964097969086349e-12,1.2811634813552393e-12,8.352732568106536e-13,5.448371168908267e-13,3.5553857724976037e-13,2.313254374759171e-13,1.5091270247347133e-13,9.85005727776362e-14,6.420688633546057e-14,4.202057848504534e-14,2.749319868988742e-14,1.7826885800875658e-14,1.1543221735608812e-14,7.731228851559635e-15,5.031937168529867e-15,3.3742230240044588e-15,2.336114932452052e-15,1.3700598195625398e-15,1.020884765612351e-15,6.513886652292911e-16,3.937202746368789e-16,3.1974670926843936e-16,2.266911856642549e-16,2.688821387764051e-16,8.153200337090993e-17,9.689669701527593e-17,5.5077470362263625e-17,5.761760116637252e-17,1.1604060966087712e-16,9.627715291671279e-17,9.466633826044861e-17,1.5463820700136108e-16,1.0569422321487261e-16,3.766828119263924e-17,5.365251893556839e-17,4.3615904538845435e-17,3.865955175034027e-17,4.5102810375396984e-17,4.8076622048500084e-17,4.55984456542475e-17,8.921435019309294e-18,4.460717509654647e-18,1.982541115402065e-18,9.912705577010326e-19
16,0.2921666666666654,0.012724427128327926,0.013815226382648411,0.017104304085215866,0.02379253917184056,0.03487497033456984,0.047596508534149096,0.05123847555272143,0.04130094333303611,0.02743251589934916,0.017309021006346875,0.010813170032323984,0.006979044122742189,0.00462367326419772,0.0031591720534099757,0.0022467987577530434,0.0016857490970476371,0.0013470836137194138,0.001098177276026589,0.0009172005916294886,0.0007805191359525006,0.0006716904070179083,0.0005851005872209888,0.0005119207969473155,0.00044928153480163445,0.00039523479669927383,0.00035115556642679357,0.00031328907117769445,0.0002807347789830585,0.00025173519229206346,0.00022788964542623153,0.0002083919269798634,0.0001918318826540495,0.00017657233091089618,0.00016258761215066697,0.0001498252394039132,0.0001383649666188399,0.00012809999373805775,0.00011890034450506966,0.00011094925904265474,0.00010368257646137736,9.698791823562085e-05,9.08233455995666e-05,8.515563253655798e-05,7.993487589834219e-05,7.512390186412101e-05,7.068783100410159e-05,6.659423907869194e-05,6.281319955522827e-05,5.9317243920453146e-05,5.608126733481691e-05,5.3082400071517606e-05,5.029985961976859e-05,4.7714794064835605e-05,4.531012416655106e-05,4.3070389112902346e-05,4.098159920982344e-05,3.903109742572879e-05,3.7207430850591076e-05,3.5500232435940384e-05,3.390011298570941e-05,3.239856304183036e-05,3.0987864155099746e-05,2.9661008906250574e-05,2.8411629014186562e-05,2.7233930823609693e-05,2.6122637520547534e-05,2.5072937408679366e-05,2.4080437657524706e-05,2.3141122947501105e-05,2.2251318504678294e-05,2.140765705471908e-05,2.0607049266719005e-05,1.9846657313520206e-05,1.9123871204859684e-05,1.8436287578296508e-05,1.778169069311414e-05,1.715803536908917e-05,1.6563431666657738e-05,1.5996131108532672e-05,1.5454514281361608e-05,1.4937079666220855e-05,1.4442433557639615e-05,1.3969280965994587e-05,1.351641738830752e-05,1.30827213625629e-05,1.2667147717114212e-05,1.2268721450033984e-05,1.1886532167351279e-05,1.1519729025402178e-05,1.116751612653275e-05,1.082914832587186e-05,1.0503927399022783e-05,1.0191198547915914e-05,9.890347201250877e-06,9.600796088517581e-06,9.32200255562312e-06,9.05345610653977e-06,8.794676142949065e-06,8.54520988652817e-06
17,0.163000000000001,0.017467916401252833,0.01802260620990187,0.019185758669308196,0.020609065110276152,0.022102100385517662,0.02421337746274974,0.025714443130081248,0.02540586446680151,0.022956062647874496,0.019052710372736738,0.014854880495748287,0.01107978355329942,0.008212993739656234,0.006193583576074329,0.0046839144022359416,0.0036267737119403992,0.002822340791997201,0.0022024370710153696,0.001723295498983535,0.0013595371727740395,0.0010935363022391586,0.0008882121205535314,0.0007255093234233575,0.0005989035643847791,0.0005003208870394932,0.0004193743600122815,0.00035272116927529865,0.0002976714503684345,0.00025294403635306385,0.00021582276024702772,0.0001846541462985346,0.00015840717094609054,0.00013624071825157512,0.00011800157934870228,0.00010271670676374578,8.957406708753618e-05,7.824865989714732e-05,6.846843942942537e-05,6.014838052759066e-05,5.303068190845063e-05,4.698669511648796e-05,4.171845664001542e-05,3.709092194933978e-05,3.2991045766154406e-05,2.935744948323364e-05,2.6163475253341835e-05,2.3328101868292943e-05,2.0807587093164647e-05,1.856622919341497e-05,1.657238639672759e-05,1.4798037359693436e-05,1.3218379817402364e-05,1.1824763888019706e-05,1.059206882647902e-05,9.489794062636852e-06,8.503913825752097e-06,7.62192881885254e-06,6.832701353882108e-06,6.126307128884224e-06,5.493902386955484e-06,4.927605166991207e-06,4.420833060692696e-06,3.968141734453905e-06,3.5622270269140154e-06,3.1981951940321033e-06,2.8716724763897902e-06,2.5788519038624143e-06,2.3174932167335354e-06,2.0827491224961047e-06,1.8718895102006052e-06,1.682467365689647e-06,1.5122889725355007e-06,1.359387308365175e-06,1.2219982882495468e-06,1.0998258660856882e-06,9.899203839632848e-07,8.910992748556848e-07,8.022238949134538e-07,7.221811746790455e-07,6.500980366117853e-07,5.851869774915729e-07,5.26737796794368e-07,4.741101005441134e-07,4.267265250930455e-07,3.840665987574225e-07,3.4566119199322905e-07,3.1108750271244916e-07,2.7996452039646855e-07,2.519489297819554e-07,2.2673141058945602e-07,2.0403329508461184e-07,1.836035525329314e-07,1.652160647267097e-07,1.4866716848045375e-07,1.3377343888024536e-07,1.203696887761438e-07,1.0830716478500621e-07,9.745191899067631e-08,8.768334335376276e-08
18,0.37266666666666376,0.019538835210039962,0.04219377185574131,0.1263679820587707,0.1670514527976597,0.06887741580700373,0.016037517320324136,0.004717555447759239,0.0016384842773578968,0.0006015390146054863,0.00022464745397403192,8.427037473653354e-05,3.1629728037771716e-05,1.186625049802895e-05,4.4490570996492235e-06,1.6672638658490245e-06,6.24573822292422e-07,2.3391468396190968e-07,8.75916090773188e-08,3.2796228658659084e-08,1.2278857809242777e-08,4.5970067158897824e-09,1.7210037932828152e-09,6.442913115845193e-10,2.4120112405395007e-10,9.029624090850112e-11,3.3804187004168476e-11,1.2654788737246981e-11,4.737757619257702e-12,1.773606992918778e-12,6.641364046013263e-13,2.481637787131254e-13,9.314387059263955e-14,3.479669429579906e-14,1.2989237661655194e-14,4.959078782538841e-15,1.852127082654523e-15,7.5714484285402e-16,2.9031836458668994e-16,1.0451708942760263e-16,7.638978735283582e-17,2.304704046654901e-17,5.074066167232161e-17,8.537317678200144e-17,8.537317678200144e-17,9.825969403211486e-17,9.026757516065028e-17,5.860887172407355e-17,6.065336724933194e-17,8.537317678200144e-17,8.537317678200144e-17,9.825969403211486e-17,9.026757516065028e-17,5.860887172407355e-17,6.065336724933194e-17,8.537317678200144e-17,8.537317678200144e-17,9.825969403211486e-17,9.026757516065028e-17,5.860887172407355e-17,6.065336724933194e-17,8.537317678200144e-17,8.537317678200144e-17,9.825969403211486e-17,9.026757516065028e-17,5.860887172407355e-17,6.065336724933194e-17,8.537317678200144e-17,8.537317678200144e-17,9.825969403211486e-17,9.026757516065028e-17,5.860887172407355e-17,6.065336724933194e-17,8.537317678200144e-17,8.537317678200144e-17,9.825969403211486e-17,9.026757516065028e-17,5.860887172407355e-17,6.065336724933194e-17,8.537317678200144e-17,8.537317678200144e-17,9.825969403211486e-17,9.026757516065028e-17,5.860887172407355e-17,6.065336724933194e-17,8.537317678200144e-17,8.537317678200144e-17,9.825969403211486e-17,9.026757516065028e-17,5.860887172407355e-17,6.065336724933194e-17,8.537317678200144e-17,8.537317678200144e-17,9.825969403211486e-17,9.026757516065028e-17,5.860887172407355e-17,6.065336724933194e-17,8.537317678200144e-17,8.537317678200144e-17,9.825969403211486e-17
19,0.14808333333333726,0.02487460198915201,0.02830662028599573,0.03314597599817002,0.037221175182521694,0.0357502227479813,0.02990929000159708,0.022257330786564448,0.015467078463101105,0.010844252901284754,0.007542454676085884,0.005402810222873778,0.00397703460877183,0.002978191163041453,0.0023198686738332202,0.0018279584072167475,0.0014501863259358874,0.0011589489961805488,0.0009354047817901799,0.0007592230489372583,0.000619474395353313,0.0005088892973754405,0.0004203360406230128,0.00034869352592525286,0.00029242790620772355,0.00024709465907834117,0.0002114915453809401,0.00018160061303323802,0.00015639786956583225,0.00013507996465728797,0.0001169762609724685,0.00010153481759229964,8.851469515434639e-05,7.747493887503043e-05,6.789671792619389e-05,5.957016095219005e-05,5.231888065235038e-05,4.5993946477045676e-05,4.0469076839385374e-05,3.563677944711372e-05,3.1405232894922445e-05,2.7695751227339092e-05,2.4442419220292673e-05,2.1640257312040452e-05,1.9286445927275816e-05,1.7280685805702504e-05,1.5488493470356352e-05,1.3886684139123237e-05,1.2454628422612347e-05,1.1173966028994631e-05,1.0030850410458852e-05,9.009083672449228e-06,8.094260787412779e-06,7.292295159332628e-06,6.5746732480873785e-06,5.933403257519891e-06,5.35895317053786e-06,4.841884634587654e-06,4.376885882786159e-06,3.958009538984149e-06,3.5803804344376e-06,3.2397966275548396e-06,2.9325017286749847e-06,2.6551353547619658e-06,2.4046894123996854e-06,2.1784694931512028e-06,1.9740607218968296e-06,1.7892975233977162e-06,1.622236820075933e-06,1.4711342544113204e-06,1.3344230686959321e-06,1.2106953323447783e-06,1.0986852407404861e-06,9.991611887993267e-07,9.092643218705213e-07,8.275597025963933e-07,7.532889264268447e-07,6.85830049060508e-07,6.246402436828831e-07,5.689648296052448e-07,5.183005728396302e-07,4.7219085715014583e-07,4.3022129283963197e-07,3.9201574583405276e-07,3.572327478680383e-07,3.255622485007859e-07,2.9672267562774945e-07,2.704582788336637e-07,2.465367207810396e-07,2.2474690127835838e-07,2.0489698434449188e-07,1.8685551459900494e-07,1.7061003875163843e-07,1.5577909612139333e-07,1.4223925883940165e-07,1.2987790099322295e-07,1.1859224947016844e-07,1.0828851931498986e-07,9.88811213250473e-08,9.02919488395687e-08
20,0.27149999999999513,0.018741839079421046,0.020915491808792794,0.02596413313371767,0.0338548454080275,0.04216726074626376,0.045561068667970384,0.04065032329666207,0.030800012988834804,0.020949458928595423,0.013709971377776752,0.00892345302293814,0.005950520880747675,0.004038773406269827,0.0028227541919197655,0.002039271895826491,0.0014841907943658737,0.0010848634808115424,0.0007969957708116925,0.00059364905397227,0.00044666571418498357,0.00033750975552652746,0.0002560851171648811,0.00019515704630385919,0.00014984408593230435,0.00011796743624326183,9.324762590563354e-05,7.434658731532255e-05,5.9549388140794314e-05,4.784642483780377e-05,3.862045388213587e-05,3.1182666854030465e-05,2.5184498830597632e-05,2.0345837481398947e-05,1.6441409391957066e-05,1.3308972360696495e-05,1.0809505330406752e-05,8.778585503257693e-06,7.139172715568538e-06,5.812729616338953e-06,4.731984934483061e-06,3.851653888682688e-06,3.1347270130624736e-06,2.5509803493881994e-06,2.075746875836171e-06,1.6889054997180512e-06,1.3740506027761046e-06,1.11781094816292e-06,9.092918313139052e-07,7.396186825351111e-07,6.015640293935023e-07,4.89242833510339e-07,3.978638409255735e-07,3.235267536835685e-07,2.6305686502890525e-07,2.138702812403256e-07,1.7392977371153258e-07,1.4154705850775002e-07,1.1518647278110123e-07,9.372895025939822e-08,7.626327005396632e-08,6.204747153645234e-08,5.047742540174276e-08,4.10612378034981e-08,3.339840899649536e-08,2.716285587255063e-08,2.2089091731331793e-08,1.7964814737500952e-08,1.4620303841096044e-08,1.189751289922785e-08,9.680982085177076e-09,7.876681608541349e-09,6.4138861025373315e-09,5.23225434085379e-09,4.2757052836291304e-09,3.4942585856040376e-09,2.8625593106219274e-09,2.3459794345243826e-09,1.9229616014605965e-09,1.5765066328281086e-09,1.2927121573092742e-09,1.0602065245069697e-09,8.696893916831927e-10,7.135512607368635e-10,5.855658554769296e-10,4.814440460881864e-10,3.9604552474838325e-10,3.258795354102054e-10,2.682166059194056e-10,2.2081756661280442e-10,1.8184936443581863e-10,1.5064031346727942e-10,1.2524986380387952e-10,1.0418063014454898e-10,8.669104967614797e-11,7.216691356607249e-11,6.015299840575076e-11,5.02599142859772e-11,4.200989581006263e-11,3.514473855786055e-11
21,0.07592857142857198,0.018061461260592573,0.016953857228479974,0.01622660749459118,0.01589462582414728,0.015589893244939108,0.015121313013243582,0.014380038901311913,0.013321284958613589,0.012077045877718186,0.01074567141070003,0.009441728907169586,0.008403760453700181,0.007596712759383715,0.006835659134691612,0.006109408123894106,0.005430752335309244,0.004804314643175544,0.004230618502542424,0.0037084917647500254,0.0032361895463995914,0.0028117440103294644,0.0024408910879983137,0.002115983650916286,0.00182885310612926,0.001575183192420555,0.0013526079524955915,0.0011585065883714485,0.000990138209987863,0.0008447599402909671,0.0007197196322758127,0.0006140352885144503,0.0005278478501040179,0.00045416916610741085,0.0003930160914127568,0.00034588068812813365,0.0003052810480389818,0.0002702878396239604,0.0002402545844298547,0.00021430615387755845,0.0001924966180246328,0.00017475605115910956,0.0001599677218132423,0.000148119773960472,0.0001375510836633896,0.00012809366337071922,0.00011960356640148561,0.0001119573437015093,0.00010504901593645173,9.878749212631736e-05,9.323538558590106e-05,8.845391516283911e-05,8.404265024951242e-05,7.996200495512102e-05,7.629926245002095e-05,7.298969146094455e-05,6.98987792964927e-05,6.700600981040934e-05,6.42932767849397e-05,6.174456296700931e-05,5.9345664860534766e-05,5.708395649277034e-05,5.496811664853109e-05,5.3018098215547714e-05,5.116184531768387e-05,4.939331253447524e-05,4.7708251944738114e-05,4.610325168362406e-05,4.4647867321699915e-05,4.324922785935977e-05,4.190480307700331e-05,4.061216986497887e-05,3.93737087292586e-05,3.8232967970584535e-05,3.713195154293722e-05,3.606913433605065e-05,3.504303538512388e-05,3.4052220061284366e-05,3.309530153246626e-05,3.2170941608684394e-05,3.127785107647536e-05,3.041478961347821e-05,2.958056535125964e-05,2.8774034158791382e-05,2.799409870252922e-05,2.7239707326498796e-05,2.6509852794747227e-05,2.580357093614542e-05,2.511993921247048e-05,2.445807523991972e-05,2.3817135283357568e-05,2.319631273829645e-05,2.2594836617833083e-05,2.2011970054308314e-05,2.1447008823215307e-05,2.0899279900821834e-05,2.036814005704411e-05,1.9852974491258286e-05,1.9353195510918198e-05,1.8868241257640364e-05
22,0.31074999999999786,0.021103981567053547,0.029131695181374716,0.042554585574023564,0.05153001794239587,0.04672766468366819,0.03412556929810463,0.021159181318821125,0.012206955120969207,0.006840841601182143,0.003862787140774621,0.0023041501509354335,0.0015627611224472183,0.0011246080523610541,0.0008512969210108179,0.0006565052463062686,0.0005184369954495754,0.0004158948181606517,0.00033780451773001146,0.00027691515219367425,0.00022766475516608638,0.00018770027348320677,0.0001551501387346433,0.0001285387387817586,0.00010670478821166988,8.873239184133059e-05,7.389601424033036e-05,6.161775866461896e-05,5.143462912229505e-05,4.297354803022142e-05,3.593226946888903e-05,3.0064730514721138e-05,2.5169735395406912e-05,2.108243077796873e-05,1.7667740552809222e-05,1.4811702006041562e-05,1.2421475353598425e-05,1.042004339742359e-05,8.74340405704689e-06,7.33829246399675e-06,6.160323968651375e-06,5.1724740291500076e-06,4.343829432708924e-06,3.648559281040226e-06,3.065064841272272e-06,2.5752755879350085e-06,2.164065196495926e-06,1.8187662415586213e-06,1.5287663606165354e-06,1.285171810705447e-06,1.080526869588452e-06,9.085796202639084e-07,7.640862964350212e-07,6.426477330456271e-07,5.405725735175197e-07,4.5476281009126627e-07,3.826179520879577e-07,3.219547739223557e-07,2.709400830770136e-07,2.2803437688511357e-07,1.919446125362924e-07,1.6158460526526753e-07,1.3605279215347657e-07,1.1459776281625456e-07,9.653705566348616e-08,8.133194978619364e-08,6.852949996990357e-08,5.774883426647124e-08,4.8669647505725106e-08,4.1022540394417175e-08,3.458187676694511e-08,2.915686996079937e-08,2.4585718534019606e-08,2.0733594902298874e-08,1.7487031355729015e-08,1.4750521579290305e-08,1.2443670609456601e-08,1.0498796231169767e-08,8.858913268175729e-09,7.47603516373038e-09,6.309750833922727e-09,5.326022989724897e-09,4.496181692980878e-09,3.796073776392766e-09,3.2053496603789364e-09,2.7068623522661765e-09,2.286160750408591e-09,1.931066335526403e-09,1.631313368848269e-09,1.3782482884078747e-09,1.1645745204873751e-09,9.841394454901467e-10,8.326630406832456e-10,7.060723266445476e-10,5.98784726009025e-10,5.078480646301599e-10,4.307621150170808e-10,3.654109595122457e-10,3.100028962522423e-10,2.630206404989667e-10
23,0.26408333333333306,0.021998719668793326,0.03256122241930577,0.052644733462778634,0.069527007158141,0.06338016764390805,0.04097943508471235,0.022071033161449313,0.01173017107519221,0.006227952145306242,0.0034369619568825325,0.002076894675786011,0.0013761197424136346,0.0009486704235199704,0.0006727659309309327,0.0004970247664275695,0.00038137519870345987,0.00029917965861160227,0.0002364764861869244,0.0001886020570467987,0.00015191295817270384,0.00012292089885189737,9.988246176206355e-05,8.147258534375709e-05,6.668291170420926e-05,5.4742824697666696e-05,4.505992184529965e-05,3.717574998282452e-05,3.0733046847543774e-05,2.5451484930430894e-05,2.110964441450278e-05,1.7531540706598634e-05,1.4576488693221485e-05,1.2131422181074552e-05,1.0105030389180766e-05,8.423248187946508e-06,7.025762138708964e-06,5.863284347544516e-06,4.895411009755478e-06,4.08892947499623e-06,3.4164718478056074e-06,2.855438218427345e-06,2.3871310926216723e-06,1.996056310856871e-06,1.6693560168535608e-06,1.396346949637825e-06,1.1681431901606612e-06,9.773469552033732e-07,8.177944735969064e-07,6.843466107130484e-07,5.727160036084849e-07,4.793240676441837e-07,4.011825140949694e-07,3.3579504232046236e-07,2.810756689781887e-07,2.3528080006884392e-07,1.9695268708785146e-07,1.648723195468358e-07,1.3802014557245566e-07,1.1554331359423436e-07,9.672832069850802e-08,8.09781823573805e-08,6.779335742103761e-08,5.67558074247216e-08,4.7515677629195535e-08,3.978015789775728e-08,3.330416850564721e-08,2.7882572745021578e-08,2.334365907471337e-08,1.9543691308515552e-08,1.6362346867213073e-08,1.3698901471163752e-08,1.1469034345433525e-08,9.602157352149214e-09,8.039175112820723e-09,6.730615110004731e-09,5.635060450993974e-09,4.71783584860386e-09,3.94991200480597e-09,3.3069860998509854e-09,2.768710858379984e-09,2.3180513044043656e-09,1.940745891361134e-09,1.6248549629008695e-09,1.3603806523788798e-09,1.1389551538434665e-09,9.535708599590504e-10,7.983606010640622e-10,6.684139064620784e-10,5.596183926580063e-10,4.68531070649368e-10,3.9226977339988136e-10,3.2842135507864345e-10,2.7496547477720654e-10,2.3021038428790067e-10,1.927397568778322e-10,1.613683943811964e-10,1.3510304707590994e-10,1.1311259628311193e-10,9.470185617246772e-11
24,0.11230952380952594,0.013104689744160649,0.011839411658522711,0.010682350302871943,0.00961325279842767,0.008641279979086976,0.007824581520211036,0.007190368669244876,0.006591537594484747,0.006032589279953059,0.005544572972293799,0.0051975118839662415,0.00495064837702254,0.004794257568730372,0.004641992211883666,0.004477938189241297,0.004303415619334446,0.004119564067409198,0.003934656675122249,0.003747778722856616,0.0035529289383109106,0.003387678738376069,0.0032203120785287763,0.0030454216821580575,0.0028753921458732545,0.002709963458094696,0.0025401740831127555,0.0023689719389838907,0.0021989832443904877,0.0020372683537257306,0.0018806391222916073,0.0017302490352591236,0.001587252556489681,0.0014531828297773652,0.0013363439913566082,0.0012268506238133057,0.0011249182199514634,0.001030423729335583,0.0009450437579113895,0.0008726405294581623,0.0008064774079567383,0.0007458177295876257,0.0006908997838539548,0.0006460692836314284,0.0006066534706200852,0.0005706878368348775,0.0005378838093106596,0.000512276740689306,0.000488953421648569,0.00046739907473263557,0.0004474731977356377,0.00042904408580976403,0.0004119890211013751,0.0003961942167744694,0.00038155458522866386,0.0003679733853289603,0.00035536179105317034,0.0003436384138280817,0.0003327288027377804,0.00032256494031402744,0.00031308474660895986,0.0003042316003367164,0.00029595388289626115,0.0002882045488363095,0.00028094072464830054,0.00027413666512822503,0.0002681418633038119,0.00026249561472642304,0.00025829734635752263,0.0002548453014513099,0.0002515380298735546,0.00024836443229528133,0.00024531439614023417,0.00024237870517670665,0.0002395489568253552,0.00023681748673290773,0.00023417730012617797,0.00023162200945579903,0.00022914577782700969,0.00022674326775028522,0.00022440959474652418,0.00022214028537753672,0.00021993123929763835,0.0002177786949531509,0.00021567919858358892,0.00021362957620465434,0.00021162690829296612,0.00020966850689755237,0.00020775189495010317,0.00020587478754873729,0.00020403507502672266,0.00020223080762573332,0.00020071891591636856,0.00019927925963588434,0.00019785539024623489,0.0001964466381892687,0.0001950523891022005,0.00019367207848943507,0.00019230518695101693,0.0001909512358980275
25,0.24800000000000003,0.026539785270303873,0.030883592611774566,0.03744688660034231,0.0423537915708675,0.04058483313986919,0.03243963060325551,0.022296874934287114,0.01399815005549644,0.008488017976112936,0.005136442591439252,0.0032992938000410013,0.0023325610732138416,0.0017148510298990293,0.0012999723231955833,0.0009954913307783874,0.0007781110933671884,0.0006122531831098185,0.00048516540003460366,0.00039080876445913795,0.00032130758275644613,0.00026720252414975183,0.0002243457094664409,0.00018961609637513892,0.0001613330373448696,0.00013844453501884573,0.00012006679226494894,0.00010476730974020674,9.19513416224588e-05,8.114853127222449e-05,7.198588183551467e-05,6.416658955802982e-05,5.745355748608427e-05,5.165658348073693e-05,4.6622405624761707e-05,4.227917249503814e-05,3.848264613569884e-05,3.511998647537896e-05,3.212952424596503e-05,2.9459826839177797e-05,2.7067816925143075e-05,2.4917262347748708e-05,2.2977559871899815e-05,2.1279327447372806e-05,1.97421755033303e-05,1.8333947311623045e-05,1.7041621048612014e-05,1.5853760434124746e-05,1.4760288086799463e-05,1.37522957632821e-05,1.2821884811974363e-05,1.1962031474257657e-05,1.1166472732476006e-05,1.0429609193842544e-05,9.746422184656632e-06,9.112402718675795e-06,8.523490444940503e-06,7.976021001261512e-06,7.46668047856967e-06,6.992465910639593e-06,6.550650914221117e-06,6.138755693874359e-06,5.7545208216168905e-06,5.39588423146027e-06,5.060960990874032e-06,4.748025480656349e-06,4.455495647535891e-06,4.181919061691726e-06,3.925960542604031e-06,3.6863911591417236e-06,3.462078424003036e-06,3.2519775381083135e-06,3.0551235563216304e-06,2.8706243670869315e-06,2.6976543849380104e-06,2.5354488770031006e-06,2.383298847815875e-06,2.2405464227422165e-06,2.1065806729893786e-06,1.9808338324200213e-06,1.862777866555483e-06,1.7519213554108681e-06,1.6478066545982968e-06,1.5500073130753594e-06,1.4581257129158825e-06,1.371790908685633e-06,1.2906566643631348e-06,1.2143996410630796e-06,1.142717738062967e-06,1.0753285753461494e-06,1.0119680919623082e-06,9.523892585686743e-07,8.963608912984562e-07,8.43666557405132e-07,7.94103564172354e-07,7.474820286904436e-07,7.036240096546325e-07,6.623627118667057e-07,6.235417427614595e-07,5.870144294755843e-07
26,0.2606666666666664,0.017521940162333098,0.019679047226413355,0.024282383107104937,0.02915159387165473,0.03278763044545152,0.032342841504731094,0.02687223782342905,0.01912080564835312,0.012306262397472007,0.00760613081970212,0.004669272056352529,0.0029421758518131413,0.001940534696677378,0.0013563931547867654,0.0010235889926558813,0.0008038470187576471,0.0006482128292282455,0.0005335140391002714,0.0004422023373459532,0.0003709351375856198,0.0003127047134821017,0.00026676767586285115,0.00022861183991387045,0.00019801960844090596,0.0001755409922298274,0.00015625041937544646,0.00013970471782391705,0.00012542810094082747,0.00011303859573918004,0.00010247226299490614,9.317833238590012e-05,8.496885617405674e-05,7.768713961176673e-05,7.120236424692391e-05,6.540506941429181e-05,6.0203401971447935e-05,5.552002733998804e-05,5.12895966312117e-05,4.745667456592473e-05,4.397404574329377e-05,4.080132980920007e-05,3.790384797058471e-05,3.52516937016553e-05,3.281896923328174e-05,3.058315670643758e-05,2.8524598805798234e-05,2.6626068540951393e-05,2.4872411752967102e-05,2.3250249074556694e-05,2.1747726614781896e-05,2.0354306679862886e-05,1.9060591477641476e-05,1.7858174081226675e-05,1.6739511985031245e-05,1.5697819439315667e-05,1.4726975456291014e-05,1.3821444919513728e-05,1.2976210700304039e-05,1.2186715040824385e-05,1.1448808770340966e-05,1.0758707160655402e-05,1.0112951430764647e-05,9.508375069373462e-06,8.94207429163547e-06,8.411382030011627e-06,7.913844986819744e-06,7.447203325000521e-06,7.009372645782444e-06,6.598427954905908e-06,6.212589365269988e-06,5.85020931381586e-06,5.509761111413622e-06,5.189828655403905e-06,4.8890971792125785e-06,4.606344905796264e-06,4.340435509851395e-06,4.090311293815746e-06,3.854987002269038e-06,3.633544199391437e-06,3.425126157543222e-06,3.2289331959376485e-06,3.0442184280568058e-06,2.8702838729579335e-06,2.7064768992527402e-06,2.5521869610233353e-06,2.406842604670125e-06,2.2699087193150052e-06,2.1408840031869256e-06,2.0192986350740647e-06,1.904712122577789e-06,1.7967113173301516e-06,1.6949085813604468e-06,1.5989400900085434e-06,1.5084642630495227e-06,1.423160305514423e-06,1.3427268596493888e-06,1.2668807513956898e-06,1.1953558249194702e-06,1.1279018604300344e-06
27,0.11800000000000077,0.01978738769411743,0.01902450873724671,0.018793176316812536,0.018551164362112824,0.018170998327980078,0.017427600498304743,0.016650966198709347,0.015620620681496654,0.01419060961522235,0.012627634507901784,0.011026831640726613,0.009511489526307324,0.008002006725232134,0.006607349847149699,0.005411120600123031,0.0044111355992667136,0.0035804597000172783,0.002904207434224628,0.002399134969984796,0.0020309553378795235,0.0017452958926818074,0.001517907018003483,0.0013275371697884122,0.0011743935108335156,0.001050766611410072,0.0009403375700471314,0.0008448868393250113,0.0007591381280367548,0.0006823695545019733,0.0006138241625899674,0.000552745180448244,0.0004985036611790365,0.00045436155610874995,0.00041488075070870046,0.00037957414192669293,0.0003481646281067323,0.0003204951932174827,0.0002956463918918504,0.0002742238760516016,0.0002554860080399444,0.00024006944422025556,0.0002262118787004011,0.00021393252376341609,0.0002027369050831634,0.000192355930466379,0.00018271267509394558,0.00017373842492172,0.00016537188410282961,0.00015755841059005016,0.000150249297116094,0.00014340110709651008,0.00013708586034710018,0.00013156867567265827,0.000126512742426613,0.00012168506412748182,0.00011707382155640392,0.00011266891113063155,0.00010846071317614383,0.00010444006328429996,0.0001006073791121459,9.694605474154442e-05,9.34468144432927e-05,9.010207429224957e-05,8.690459828932346e-05,8.39085781590075e-05,8.109298869459432e-05,7.839322043225754e-05,7.580457539013076e-05,7.332247331618143e-05,7.094246026230947e-05,6.868440706004604e-05,6.652043346788185e-05,6.444397004860788e-05,6.245127885029672e-05,6.053874915712199e-05,5.8702899408478136e-05,5.6940377934668546e-05,5.524796269700553e-05,5.362256019281111e-05,5.206120367367336e-05,5.0561050794385746e-05,4.911938081860532e-05,4.7733591453481255e-05,4.640119541880711e-05,4.511981680613485e-05,4.388718729519029e-05,4.2701142278247245e-05,4.155961693474626e-05,4.046064229649424e-05,3.940234132853898e-05,3.838345683834886e-05,3.740392991600887e-05,3.645977867721692e-05,3.5549465524885053e-05,3.469762060112798e-05,3.387616162183734e-05,3.308268500929817e-05,3.23254840216392e-05,3.1595993277409566e-05
28,0.3039999999999989,0.022024357179330323,0.023572457762589583,0.03703861913933103,0.05784276413388855,0.06730858689415062,0.05426692824369562,0.033579907939775853,0.018239537665140408,0.009807919730262862,0.005544161683697508,0.003358975079327827,0.0021985248449576155,0.001529932224106193,0.001108076706718918,0.0008301391722870757,0.0006400593897363003,0.000505737015013057,0.00040809432077039805,0.0003360524680039323,0.00028679782153720246,0.0002489492326284867,0.00021782490054526158,0.0001918888803696902,0.0001700787658137332,0.00015159287810942516,0.00013581417117796904,0.00012226002786932508,0.00011054803240120547,0.00010037192565422804,9.148426016231378e-05,8.36835991639677e-05,7.680488606460266e-05,7.071208300920432e-05,6.529247012826761e-05,6.0452183506259406e-05,5.611269195309298e-05,5.220799468297067e-05,4.868237855923232e-05,4.5488613545454767e-05,4.258649381894958e-05,3.994165324225781e-05,3.752459971821051e-05,3.5309924986568863e-05,3.3275655602935454e-05,3.1402717969226845e-05,2.9674495812001438e-05,2.807646285038814e-05,2.6595876825300452e-05,2.5221523750133586e-05,2.3943503407684815e-05,2.2753048824392877e-05,2.164237381877533e-05,2.0604543831409794e-05,1.9633366108106437e-05,1.872329603131423e-05,1.7869356971324182e-05,1.7067071480148594e-05,1.6312402040933062e-05,1.5601699898575706e-05,1.4931660720332028e-05,1.4299286083700967e-05,1.37018499189364e-05,1.3136869189613793e-05,1.260207821778898e-05,1.2095406129700386e-05,1.161495700494061e-05,1.1158992358052847e-05,1.0725915642625884e-05,1.0314258516775637e-05,9.922668640537761e-06,9.549898814205431e-06,9.194797287597563e-06,8.856299103301061e-06,8.533418341884949e-06,8.225241169653365e-06,7.930919586684387e-06,7.649665806129813e-06,7.380747182466539e-06,7.1234816331546795e-06,6.8772335001845015e-06,6.641409800379957e-06,6.41545682503656e-06,6.198857054065241e-06,5.991126345616752e-06,5.791811381492153e-06,5.600487335345105e-06,5.416755746386983e-06,5.240242572368494e-06,5.070596414489932e-06,4.907486882999281e-06,4.750603108655946e-06,4.599652365925532e-06,4.454358816162048e-06,4.3144623476713675e-06,4.179717505681306e-06,4.049892512522211e-06,3.924768357669765e-06,3.804137959808344e-06,3.6878053944453716e-06
29,0.31066666666666504,0.020111142232807234,0.024970440257842612,0.034041954234306386,0.04363837645629535,0.04411606865824142,0.03496710776896033,0.022987838027072188,0.014003572653449295,0.008637696779689721,0.005488304289447718,0.003596874977122177,0.0024498294366890544,0.0017237094756458328,0.0012527299515899051,0.0009668999767361886,0.0007629157943762071,0.0006129161601653159,0.0004996932534833638,0.0004138449554305452,0.0003444118408336923,0.00028811120178971376,0.0002423465077756181,0.0002046472295468346,0.00017347439196167632,0.00014764942146633424,0.00012629877352115425,0.00010843632550970341,9.344638947887097e-05,8.082891344203008e-05,7.017659946935193e-05,6.120492104092802e-05,5.359215488138698e-05,4.709934022682592e-05,4.154522278765474e-05,3.677992337050709e-05,3.267915861970733e-05,2.9275249873991646e-05,2.6422434886265483e-05,2.3932689745421688e-05,2.1795242332235737e-05,1.9998058615689922e-05,1.8445223075867854e-05,1.7047669690072502e-05,1.5786403725072803e-05,1.4674554224441624e-05,1.3721000366390594e-05,1.2845768402633543e-05,1.2040673257658879e-05,1.1298564602109224e-05,1.0613177464145775e-05,9.979006569313783e-06,9.462092117748957e-06,8.988956466162796e-06,8.540749045113222e-06,8.11604139939443e-06,7.713502275618447e-06,7.3345655741628e-06,6.975465007946111e-06,6.634627534796106e-06,6.311071038788421e-06,6.003950975765419e-06,5.712557389279243e-06,5.435785331008806e-06,5.172870617424038e-06,4.92309180823307e-06,4.685767334189549e-06,4.460252922584134e-06,4.245939263293945e-06,4.042249881590788e-06,3.8486391923580795e-06,3.664590703248665e-06,3.489615357704521e-06,3.3232499913411366e-06,3.1650558913938574e-06,3.014617456377476e-06,2.8715409301688615e-06,2.735453221245865e-06,2.606000785244067e-06,2.482848574673592e-06,2.3656790476659576e-06,2.2541912299148606e-06,2.148099831140496e-06,2.047134407614997e-06,1.9510385694944225e-06,1.8595692321198481e-06,1.7724959089271012e-06,1.6896000366357984e-06,1.6106743439408479e-06,1.5355222477150547e-06,1.4639572852445982e-06,1.3958025769765588e-06,1.3308903126823025e-06,1.269061275634415e-06,1.2101643805062932e-06,1.1540562455866716e-06,1.1006007834115833e-06,1.049668812788252e-06,1.0011376972082764e-06,9.54890995723441e-07
