0.057740232100698605,0.0387262876830414,0.03215955565532092,0.03280371598426948,0.03532096047508127,0.03597801819355714,0.029579293256817043,0.015948134043689458,0.008710509014459899,0.006992386812882478,0.006509571518841047,0.006213521024013527,0.0059278559553297,0.005580617135256415,0.00513421932244622,0.004580387667204014,0.003941345247979621,0.0032634000774654785,0.002601865786068403,0.0020040794976555446,0.001498665852491626,0.0010941307597927405,0.0007840317213520145,0.00055401229820791,0.00038749184159855593,0.0002690431428709832,0.0001858369032803291,0.0001278995448372501,8.780392715542927e-05,6.017339283319899e-05,4.1188483272758006e-05,2.8170241034676576e-05,1.9255772093233936e-05,1.315721565230489e-05,8.987783260206383e-06,6.138509549545854e-06,4.191985790453278e-06,2.8624646371340943e-06,1.9544992129649516e-06,1.3344853892860483e-06,9.111303328388131e-07,6.220699711671797e-07,4.24710053265419e-07,2.899627023139409e-07,1.9796536044616129e-07,1.3515575516394596e-07,9.227386285949203e-08,6.299731718556973e-08,4.30095459765778e-08,2.936346382702235e-08,2.0047003053899243e-08,1.368647008691835e-08,9.344010735248284e-09,6.379330798446156e-09,4.355287844286708e-09,2.9734357860446064e-09,2.0300196591008503e-09,1.3859318984659348e-09,9.462012762254241e-10,6.45989125122902e-10,4.410286589303932e-10,3.010983868178737e-10,2.0556541477124353e-10,1.4034330779604324e-10,9.58149353497725e-11,6.541467187128034e-11,4.4659754452790296e-11,3.0490062828176014e-11,2.081613143301108e-11,1.4211551214847547e-11,9.702442701620758e-12,6.624119168967619e-12,4.522374142878638e-12,3.0874641100054763e-12,2.1079594194503252e-12,1.4390652459230262e-12,9.825053752068396e-13,6.70767125015993e-13,4.579198620725831e-13,3.126826253684889e-13,2.1344731611881383e-13,1.457363632557307e-13,9.947224474027093e-14,6.79160764624717e-14,4.638760923323238e-14,3.166783038357037e-14,2.1592789015674214e-14,1.4769796051340026e-14,1.0059948486971656e-14,6.847717390263626e-15,4.715984900270667e-15,3.2452775361994948e-15,2.1954260500092385e-15,1.436861865064306e-15,1.0643088818036227e-15,6.96509848733993e-16,4.664982087342795e-16,3.2635011133219087e-16,2.0932088002412946e-16,1.7492853601015143e-16
0.043975114732256605,0.03611514158556531,0.033720579896860156,0.0373537630963099,0.04140704527632919,0.03939399595497653,0.030642093495503994,0.02098099888624462,0.014629971989762378,0.01219363035940019,0.011524128080460112,0.011258666284832458,0.010875003154734263,0.010210281626077525,0.009190633556214169,0.00786129398757987,0.006369004907792003,0.00489834609689972,0.0035992980537843137,0.0025486220639043483,0.0017544300824854577,0.0011832371715212943,0.0007866540862393283,0.0005179085209912444,0.0003387519029616866,0.00022061332785847391,0.00014326803993115511,9.286728569873112e-05,6.012475859371129e-05,3.88959855982326e-05,2.514991608851286e-05,1.6256466571944716e-05,1.0505672377589629e-05,6.788317379363842e-06,4.3859334238255205e-06,2.8335907759770597e-06,1.8306115825189222e-06,1.1826192284296121e-06,7.63988788696331e-07,4.93542687555226e-07,3.188303628060804e-07,2.059647163084193e-07,1.3305304644186226e-07,8.595201635557615e-08,5.552477834321148e-08,3.58688362756862e-08,2.3171147308694388e-08,1.496847863147508e-08,9.66958208147252e-09,6.246513588882034e-09,4.0352239365749435e-09,2.6067391236935904e-09,1.6839433912834146e-09,1.0878209164145017e-09,7.027280662153137e-10,4.5395956782204554e-10,2.9325615026450087e-10,1.8944230943844946e-10,1.2237898818273315e-10,7.905633861744215e-11,5.1070109794135377e-11,3.299106393819993e-11,2.1312113670720996e-11,1.3767547971459018e-11,8.893745862135118e-12,5.745367991221078e-12,3.711463094735254e-12,2.397605981929014e-12,1.5488455841142832e-12,1.000566347247544e-12,6.462933387334744e-13,4.175568096169068e-13,2.6972743018130813e-13,1.7423852267997293e-13,1.1255581768745605e-13,7.272644790417472e-14,4.6953730184371386e-14,3.036805393471244e-14,1.9607224016964346e-14,1.2628509016378793e-14,8.20920790549176e-15,5.267454458539642e-15,3.4179185880217147e-15,2.208541427141889e-15,1.4205749222087826e-15,9.057968961754032e-16,6.007842611285353e-16,3.873775316059823e-16,2.634225108169623e-16,1.60595052557607e-16,6.816161657942664e-17,9.816262558117468e-17,6.51338436264761e-17,4.091069121819105e-17,1.095454883911517e-17,9.532991305895837e-18,1.6757767884898112e-18,1.0825452593603919e-18,6.993200088539109e-19,4.517579940005954e-19
0.039394347772213005,0.03781275609747811,0.05012392787561964,0.05628471297927034,0.05855534846411524,0.042412773119028455,0.020059884997724195,0.007495758291544,0.002589784086700699,0.0008609971959338891,0.00025947229057837577,0.00010482925259329643,7.529221943534649e-05,5.5219264313088466e-05,3.890789770157163e-05,2.669343763093705e-05,1.7537432707037334e-05,1.1246493429435952e-05,7.110148492874882e-06,4.456386317350445e-06,2.7782029067861026e-06,1.726205794164883e-06,1.0703025191824457e-06,6.627382537410715e-07,4.10025269990398e-07,2.5353976358135706e-07,1.5672318414130328e-07,9.685588551708467e-08,5.984924395717585e-08,3.697881790961084e-08,2.284667378324488e-08,1.4114886296315148e-08,8.72010839516639e-09,5.38716235276864e-09,3.3280834912820187e-09,2.0560128331837237e-09,1.2701522143323776e-09,7.846656834507063e-10,4.847445031026322e-10,2.994613883259493e-10,1.8499853499307629e-10,1.142867368614647e-10,7.060295912361417e-11,4.3616390070954956e-11,2.6945004972013326e-11,1.6645765311184894e-11,1.0283322316746547e-11,6.352608623123196e-12,3.924586635374269e-12,2.42442632562698e-12,1.4977698146414608e-12,9.25200049043858e-13,5.716428195881902e-13,3.531162760153883e-13,2.1815856878587273e-13,1.34751189826084e-13,8.327716819480586e-14,5.1416810292476596e-14,3.178216254767738e-14,1.9584513189782578e-14,1.2159183362877257e-14,7.489991043031188e-15,4.664945547274201e-15,2.8245652870126983e-15,1.7550821511997925e-15,1.1421582548218576e-15,6.475051489841637e-16,4.1305116041113603e-16,2.240024395868152e-16,1.4738866469773642e-16,1.7200707610641925e-16,8.812842752008611e-17,4.917788583392093e-17,3.374248348536448e-17,3.4514958833374795e-17,4.430211349335647e-18,2.1410213499346958e-17,3.6666635845538566e-19,2.265156158878126e-19,1.3993463828309773e-19,8.644747477860296e-20,5.340468941277038e-20,3.2991835314782314e-20,2.038137866554917e-20,1.2591012059349676e-20,7.778354314502767e-21,4.805236906831204e-21,2.9685330337447815e-21,1.833871782659966e-21,1.1329116695036175e-21,6.998792734766983e-22,4.323646852864434e-22,2.6710209627184985e-22,1.6500776372508571e-22,1.0193690903062844e-22,6.297360310894802e-23,3.890322677266742e-23,2.4033261217516994e-23,1.4847036934098585e-23,9.172059660460091e-24
0.07898845655001183,0.07458503257530816,0.05181219769153786,0.025149637394619465,0.013244402597915952,0.005391429866470133,0.002007629778005187,0.0007535086130179505,0.0002937099766896526,0.00011669868694992701,4.72425410663524e-05,1.9495711760495972e-05,8.192475618981381e-06,3.498749838756037e-06,1.5507805807678456e-06,6.970354550515534e-07,3.1415514485681127e-07,1.4190658382471582e-07,6.421464090228962e-08,2.909853205103445e-08,1.3200052467381247e-08,5.9929038527763244e-09,2.7225088940380746e-09,1.2373841965348461e-09,5.62589717926069e-10,2.5585398107551217e-10,1.1637953690577712e-10,5.2944702684460305e-11,2.4088776788406762e-11,1.0960711802097201e-11,4.987628574469926e-12,2.2696658783245504e-12,1.0328839879348187e-12,4.700091012268456e-13,2.139009889518241e-13,9.731651282150103e-14,4.43291963182826e-14,2.0159819252157003e-14,9.18902794121572e-15,4.187687852393477e-15,1.8717882540698524e-15,8.933897416338614e-16,3.7990680644607343e-16,1.7520785331519193e-16,6.93891977486815e-17,2.6020937702306297e-17,3.469475249966255e-18,8.673626738844752e-18,4.8572260422626116e-17,5.030698182702339e-17,6.938894242472718e-18,1.1197327404268271e-25,3.703275867577318e-26,1.2247790616672371e-26,4.050694043703075e-27,1.339680171651198e-27,4.430704819845291e-28,1.4653605850121897e-28,4.846365829855132e-29,1.6028315485633217e-29,5.301021555664713e-30,1.7531991779678756e-30,5.798330237579674e-31,1.9176733577413762e-31,6.342293309127089e-32,2.0975774761961868e-32,6.93728759329664e-33,2.294359073657704e-33,7.5881005192317724e-34,2.509601489629595e-34,8.299968642730509e-35,2.7450366026232116e-35,9.078619780498661e-36,3.0025587651581068e-36,9.930319097175134e-37,3.2842400460571354e-37,1.0861919515953642e-37,3.5923469026783227e-38,1.1880916858413603e-38,3.929358417231245e-39,1.2995510157225053e-39,4.2979862439105314e-40,1.4214667627014232e-40,4.701196427344651e-41,1.5548198824203129e-41,5.142233267915076e-42,1.7006833576433756e-42,5.62464542597042e-43,1.8602308316657265e-43,6.152314474974621e-44,2.034746051654726e-44,6.729486133332898e-45,2.225633197906521e-45,7.360804426192232e-46,2.434428182128818e-46,8.051349052088302e-47,2.662811005657878e-47,8.806676255097427e-48,2.9126192770461134e-48,9.632863531358205e-49
0.12273141726597167,0.10662954515250336,0.03313034387910947,0.014879541258853601,0.009495143163266977,0.004056548243935587,0.0012587684015998974,0.00032708659385221293,7.881695482068324e-05,1.8559874350263557e-05,4.344875238420436e-06,1.0156888158803477e-06,2.3735136536256445e-07,5.546027076185927e-08,1.2958621785095685e-08,3.027816838115508e-09,7.074516963550677e-10,1.6529565419998862e-10,3.8621079986987197e-11,9.02371926336347e-12,2.1083664913538282e-12,4.926201228782109e-13,1.1504594838712731e-13,2.6952896506935826e-14,6.25392973012734e-15,1.4898398863676533e-15,3.458610300847259e-16,9.953690913553825e-17,4.307224069345319e-18,3.578581816604913e-19,8.36104204867389e-20,1.9534931996600272e-20,4.5642027483527375e-21,1.0663974495034454e-21,2.4915759221681365e-22,5.821431558667832e-23,1.3601473141914052e-23,3.1779163517279117e-24,7.425047657269665e-25,1.7348272371155607e-25,4.0533431353241124e-26,9.470450155640981e-27,2.2127276365668162e-27,5.169938317059367e-28,1.2079329017692242e-28,2.8222812850292457e-29,6.594134602304965e-30,1.5406902706875857e-30,3.5997545331399196e-31,8.410667142388907e-32,1.9651151907437072e-32,4.5914048243378716e-33,1.0727614641206239e-33,2.506459814320801e-34,5.856232768943729e-35,1.3682829545540344e-35,3.196932779237333e-36,7.469492466737349e-37,1.7452139807620743e-37,4.0776155229224274e-38,9.527168905452089e-39,2.2259810155419636e-39,5.200906516673501e-40,1.2151688814371162e-40,2.839188526434565e-41,6.633638841357536e-42,1.5499204746824798e-42,3.62132087024372e-43,8.461056590253626e-44,1.9768885772460835e-44,4.6189130227366006e-45,1.0791886684021695e-45,2.5214767550598544e-46,5.891319296266278e-47,1.3764807857766644e-47,3.216086683402679e-48,7.514244777078511e-49,1.7556701708850262e-49,4.1020459678882975e-50,9.584249594137837e-51,2.2393176722573459e-51,5.232067036697282e-52,1.222449401247812e-52,2.8561991429616426e-53,6.673383402156694e-54,1.5592066170161357e-54,3.643017534048281e-55,8.511749891612877e-56,1.9887328441399724e-56,4.646586631098277e-57,1.085654485162498e-57,2.536583851176423e-58,5.92661636090108e-59,1.3847277894248556e-59,3.2353554440531245e-60,7.559265387251539e-61,1.766189038052501e-61,4.126622837448867e-62,9.641672366697515e-63,2.2527342499807904e-63
0.013826212841417551,0.019014772697690065,0.05627117565255757,0.09609155010858227,0.02925040569039029,0.000851445248752924,1.6680889669637252e-06,1.4191021093161226e-08,1.2771856427178167e-10,1.149512098832716e-12,1.0306298667818317e-14,1.2790496119122208e-16,1.2696391050429217e-19,1.142675194538629e-21,1.0284076750847658e-23,9.255669075762888e-26,8.330102168186596e-28,7.497091951367935e-30,6.747382756231139e-32,6.072644480608023e-34,5.465380032547218e-36,4.918842029292494e-38,4.426957826363243e-40,3.9842620437269167e-42,3.585835839354224e-44,3.2272522554188e-46,2.9045270298769196e-48,2.6140743268892263e-50,2.3526668942003028e-52,2.117400204780271e-54,1.9056601843022434e-56,1.715094165872018e-58,1.5435847492848153e-60,1.3892262743563332e-62,1.2503036469206993e-64,1.1252732822286289e-66,1.0127459540057655e-68,9.114713586051885e-71,8.203242227446696e-73,7.382918004702023e-75,6.644626204231818e-77,5.980163583808634e-79,5.382147225427767e-81,4.843932502884988e-83,4.3595392525964887e-85,3.923585327336838e-87,3.531226794603153e-89,3.178104115142836e-91,2.8602937036285513e-93,2.574264333265695e-95,2.3168378999391248e-97,2.0851541099452115e-99,1.8766386989506894e-101,1.6889748290556198e-103,1.520077346150057e-105,1.3680696115350507e-107,1.2312626503815453e-109,1.1081363853433902e-111,9.973227468090507e-114,8.975904721281456e-116,8.078314249153303e-118,7.270482824237971e-120,6.543434541814171e-122,5.889091087632751e-124,5.3001819788694745e-126,4.770163780982525e-128,4.29314740288427e-130,3.863832662595842e-132,3.4774493963362563e-134,3.129704456702629e-136,2.8167340110323654e-138,2.5350606099291277e-140,2.2815545489362143e-142,2.0533990940425916e-144,1.8480591846383318e-146,1.6632532661744978e-148,1.4969279395570474e-150,1.347235145601342e-152,1.2125116310412077e-154,1.0912604679370862e-156,9.821344211433774e-159,8.839209790290393e-161,7.95528881126135e-163,7.159759930135213e-165,6.443783937121689e-167,5.799405543409519e-169,5.219464989068565e-171,4.697518490161707e-173,4.2277666411455344e-175,3.804989977030979e-177,3.424490979327879e-179,3.0820418813950907e-181,2.773837693255581e-183,2.496453923930022e-185,2.2468085315370183e-187,2.022127678383316e-189,1.8199149105449833e-191,1.6379234194904847e-193,1.4741310775414355e-195,1.3267179697872915e-197
0.10209028874566713,0.09473751987270188,0.03178342155563768,0.01724113786518874,0.018860009080398615,0.011688462103345145,0.004143945898255977,0.0011232602369254923,0.00036130839295342356,0.0001967691333316559,0.00013542683360297169,9.905342049905e-05,7.336969236850924e-05,5.4565934501261696e-05,4.064053176645509e-05,3.0288526324637362e-05,2.2581579034949098e-05,1.683969817356742e-05,1.255996773597996e-05,9.36909172456643e-06,6.989518407020856e-06,5.214677960001386e-06,3.890724747717951e-06,2.903023374439679e-06,2.166123724599634e-06,1.6163129993294788e-06,1.2060762011585817e-06,8.999726461997891e-07,6.715646247530035e-07,5.011286733310473e-07,3.7394944038504023e-07,2.7904751518504916e-07,2.082306490524461e-07,1.5538606104088196e-07,1.159525068871202e-07,8.65264199033991e-08,6.456805529307728e-08,4.818223710012976e-08,3.59547624760934e-08,2.683033193465338e-08,2.002146192890632e-08,1.4940516585809335e-08,1.1148989469865732e-08,8.319657446312768e-09,6.208339036617302e-09,4.632819942953335e-09,3.457127947804285e-09,2.57979674220284e-09,1.9251100068230508e-09,1.436566037654783e-09,1.072002172447533e-09,7.999553540416543e-10,5.969470501243658e-10,4.45457110087589e-10,3.324114414282601e-10,2.4805393156190913e-10,1.8510410704219997e-10,1.381293905644565e-10,1.0307570838530289e-10,7.691776451879128e-11,5.739795028159023e-11,4.283181170849914e-11,3.1962202329260946e-11,2.385098021862042e-11,1.779822816905252e-11,1.3281507144080606e-11,9.911031717546592e-12,7.395815210253787e-12,5.518955431549344e-12,4.118416718768003e-12,3.073272192288812e-12,2.2933308030381737e-12,1.7113761796583304e-12,1.2770007273843476e-12,9.52966872080907e-13,7.111464195297401e-13,5.306304007302031e-13,3.9601377732623176e-13,2.95460184096541e-13,2.2052290549190446e-13,1.646016656309257e-13,1.228364632233081e-13,9.162670622231416e-14,6.836128885190362e-14,5.100572741945086e-14,3.8016811920726924e-14,2.840574997442502e-14,2.1185830867409548e-14,1.5808188091881446e-14,1.1800282972984632e-14,8.867906409193438e-15,6.600275881396556e-15,4.88567519774108e-15,3.668593206995752e-15,2.743638649604918e-15,2.012973121523487e-15,1.5758228055773315e-15,1.1879386363489174e-15,8.451572774959004e-16,6.113165529342268e-16
0.06457440431643871,0.03735162203867463,0.04058989556073361,0.03233223485839607,0.01993833733188919,0.012692743066689993,0.009692646068414352,0.008577287430853387,0.008241028349353762,0.008172575445119427,0.00809677410136152,0.00787582090607459,0.0074641791770651,0.006877044137073804,0.006272623198578793,0.0056967571507190035,0.005246820625781024,0.004762292614496589,0.004265219198470572,0.0037687700206238003,0.0032818765514043904,0.0028131977109826724,0.0023722630973833777,0.001968346828069455,0.0016086413618421821,0.001296994771835594,0.0010336762162868652,0.000815984951562009,0.0006477060254051793,0.0005135107066805468,0.0004053573833381256,0.0003189516700026575,0.00025092114542870036,0.0001975238498524385,0.0001555352311422669,0.00012310160191792346,9.734420951180314e-05,7.69283390421207e-05,6.0769136029300814e-05,4.799202428554985e-05,3.7896238848930554e-05,2.9922826619950545e-05,2.3627443548221097e-05,1.8657724959518616e-05,1.473474525887402e-05,1.1637993460419812e-05,9.193294221410542e-06,7.263153108170528e-06,5.739072198456153e-06,4.535452771477256e-06,3.5847680737438394e-06,2.8337476721213487e-06,2.2403647471743934e-06,1.771459134064877e-06,1.4008628468628607e-06,1.1079222634510745e-06,8.763331765547103e-07,6.932224834589641e-07,5.484242465749782e-07,4.3390891378805883e-07,3.4333321766365287e-07,2.7168517297469805e-07,2.1500402044554317e-07,1.7015924662788213e-07,1.346761803595797e-07,1.0659831877809865e-07,8.437862406125195e-08,6.67936775596551e-08,5.2875871039876834e-08,4.1859835389904674e-08,3.314010986981864e-08,2.623768780834397e-08,2.077357299026708e-08,1.644787451968856e-08,1.3023278035771983e-08,1.0311975302689758e-08,8.16532702417603e-09,6.465687024043385e-09,5.119934659161766e-09,4.054358381248127e-09,3.2106074658169746e-09,2.54248886265161e-09,2.0134329544912816e-09,1.5944871238837759e-09,1.2627291138261822e-09,1.0000098111333453e-09,7.919593096791593e-10,6.27199274993419e-10,4.967206086524423e-10,3.9338905220980187e-10,3.1155560451190473e-10,2.467470769573253e-10,1.9542089967542778e-10,1.5477211303963007e-10,1.2257921712998397e-10,9.70829430239382e-11,7.689020449992691e-11,6.089773018352969e-11,4.823173219443686e-11,3.820025463849394e-11
0.09775409449426316,0.08664865605060913,0.040959917369735276,0.012395806090709128,0.0011353996373147143,9.583428991838548e-06,5.346461175344157e-08,1.5161481450962862e-10,4.639808750422694e-13,1.873449617051384e-15,8.743481795785592e-18,1.9025532175876872e-20,2.2001130849069337e-22,2.604196015366427e-24,3.0993800488643207e-26,3.6933662583209384e-28,4.402458113668479e-30,5.248035940100143e-32,6.256118206396601e-34,7.457866379611147e-36,8.890467427528777e-38,1.059826248486486e-39,1.263411325640278e-41,1.5061036611255266e-43,1.7954154731588618e-45,2.1403020297187575e-47,2.5514388437816496e-49,3.041552118971007e-51,3.6258126723355795e-53,4.3223055271316685e-55,5.152589711107328e-57,6.142365588077565e-59,7.322270379158895e-61,8.728826497982605e-63,1.0405572054365396e-64,1.240440851970362e-66,1.4787207269315268e-68,1.762772473015221e-70,2.1013885414781814e-72,2.505050350997664e-74,2.986252726313666e-76,3.5598906592293577e-78,4.24372036365194e-80,5.0589088960313076e-82,6.030689353980192e-84,7.189141933894384e-86,8.570125024192791e-88,1.0216385154953943e-89,1.2178880160992079e-91,1.4518356515159695e-93,1.7307229656171434e-95,2.0631825514044087e-97,2.4595052616648773e-99,2.931958748894784e-101,3.495167194479445e-103,4.1665639811509186e-105,4.966931320608757e-107,5.921043539772935e-109,7.058433937755747e-111,8.414308950609857e-113,1.0030637920629808e-114,1.1957452202594048e-116,1.4254393819086604e-118,1.6992561601503615e-120,2.0256711961631316e-122,2.414788241580881e-124,2.8786519069443712e-126,3.431620486908401e-128,4.090810402522565e-130,4.876626017716605e-132,5.81339122976852e-134,6.930102383814476e-136,8.261325816886992e-138,9.84826781378626e-140,1.1740050093872856e-141,1.3995230309811656e-143,1.6683614623322078e-145,1.9888418463852493e-147,2.370884235364496e-149,2.8263142530494878e-151,3.369229141532763e-153,4.016434122959093e-155,4.7879625832546846e-157,5.707696179455142e-159,6.804104065245558e-161,8.111124116475056e-163,9.669213433831994e-165,1.1526600639619819e-166,1.374077873184659e-168,1.6380284704979168e-170,1.9526821023200948e-172,2.3277784613610444e-174,2.774928166104608e-176,3.3079721523578255e-178,3.94341010136345e-180,4.700911165909112e-182,5.603922803293598e-184,6.680396560780523e-186,7.963653279281286e-188,9.493414496518713e-190
0.07912535216840262,0.06444716366702191,0.04902912479466109,0.039564687155930166,0.025693488339082,0.015090796592015303,0.008620094543794567,0.006353982833579346,0.0059900244450492935,0.006248483046021702,0.007014286810686492,0.008503887804015604,0.01102175577415003,0.014766090252387598,0.018471300802075808,0.016596808142244356,0.008108696849628559,0.004422551350032754,0.0035755677803129284,0.0032678275251596042,0.0031968431285579746,0.0033271944084964596,0.0036784258031736954,0.004327764316513989,0.005446244035467576,0.007394112199377513,0.01095464512615242,0.017846558349349655,0.030825250321891474,0.042810793630715716,0.018763145607864042,0.0007770101131364357,7.682990220116801e-05,1.1139802461058538e-05,1.6486423804681904e-06,2.4473375162537003e-07,3.634570261423775e-08,5.398105383987624e-09,8.017409606579188e-10,1.1907686873572723e-10,1.768566080621407e-11,2.6267298521472546e-12,3.9011618010083754e-13,5.797445856714489e-14,8.604228440844963e-15,1.2374360795301225e-15,2.220446049250313e-16,1.3877787807814457e-17,9.25185853854297e-18,0.0,0.0,0.0,0.0,0.0,0.0,0.0,0.0,0.0,0.0,0.0,0.0,0.0,0.0,0.0,0.0,0.0,0.0,0.0,0.0,0.0,0.0,0.0,0.0,0.0,0.0,0.0,0.0,0.0,0.0,0.0,0.0,0.0,0.0,0.0,0.0,0.0,0.0,0.0,0.0,0.0,0.0,0.0,0.0,0.0,0.0,0.0,0.0,0.0,0.0,0.0
0.0965324341067914,0.05584209631728121,0.045113944253023945,0.0297327630236722,0.01564853266269274,0.005592181325524959,0.001522915641988909,0.00045702989788552897,0.00020504744759222333,9.416146868357144e-05,4.2515227796798706e-05,1.8931483755478467e-05,8.34990420929479e-06,3.6604767072073073e-06,1.5987358139460346e-06,6.967060234071578e-07,3.0321778255088777e-07,1.3186516786787985e-07,5.73212651411421e-08,2.4911102796537637e-08,1.082451472238333e-08,4.703151236367143e-09,2.0433827692732567e-09,8.877677504278466e-10,3.8569384546314965e-10,1.6756471783941267e-10,7.279823583383843e-11,3.1626958277699234e-11,1.374017070904848e-11,5.96939154669641e-12,2.5933810108337894e-12,1.1266857298214592e-12,4.89451989810781e-13,2.126526323274497e-13,9.239725714129147e-14,4.012186376366894e-14,1.7463813577729305e-14,7.566685392317203e-15,3.3113819644708027e-15,1.3977867592672927e-15,6.294576044302687e-16,2.557561152999057e-16,1.411572645652573e-16,5.478188269536748e-17,2.069903276658191e-17,5.579674478627829e-18,4.1435039559403273e-19,1.8001270008744322e-19,7.82057228317753e-20,3.397613102131243e-20,1.4760780124285202e-20,6.41275575906988e-21,2.7859934284815642e-21,1.2103625453953086e-21,5.258366643365195e-22,2.284474173565015e-22,9.924797192053755e-23,4.3117843240786993e-23,1.8732356639243467e-23,8.138189642284372e-24,3.53560056159917e-24,1.5360260550123503e-24,6.673197383500955e-25,2.89914114242066e-25,1.2595190701922052e-25,5.471924995184162e-26,2.3772536566954864e-26,1.0327873560485206e-26,4.486899072841876e-27,1.9493134934277283e-27,8.46870641387686e-28,3.679192113851652e-28,1.5984087709602594e-28,6.944216338863636e-29,3.016884131083113e-29,1.3106719918046947e-29,5.694156604829715e-30,2.4738011983975712e-30,1.0747320093027665e-30,4.669125767131797e-31,2.0284810762673163e-31,8.812646482431875e-32,3.828615358208271e-32,1.6633250397970414e-32,7.226242202900671e-33,3.1394090226258155e-33,1.3639023900123562e-33,5.925413719826519e-34,2.5742698310536914e-34,1.1183801632111557e-34,4.858753244807474e-35,2.1108638967758535e-35,9.170555009093282e-36,3.9841071375212455e-36,1.7308777568542337e-36,7.5197219998373295e-37,3.26691002474992e-37,1.4192946374935675e-37,6.16606289355091e-38,2.678818802159939e-38
0.028137123638836577,0.026462628485689695,0.03986098108973671,0.037363325909336255,0.04339275065442208,0.023642700012804246,0.007431163207040366,0.007671299475869294,0.008257205087197749,0.00711543926178923,0.004799134511264059,0.0026377343156476414,0.0012692564047977184,0.0005687940825816652,0.0002464336418445852,0.00010517696022319346,4.459883916393092e-05,1.8859308148909493e-05,7.965614165134603e-06,3.3627753110700743e-06,1.4193377772251452e-06,5.990119271663725e-07,2.5279536481035875e-07,1.0668319184560748e-07,4.502151237927471e-08,1.8999535869444806e-08,8.017988459375028e-09,3.383667466767449e-09,1.427939704414066e-09,6.026039652500863e-10,2.543045885878584e-10,1.07318924757872e-10,4.528960581771817e-11,1.911259705302594e-11,8.065739090047883e-12,3.4037946201951827e-12,1.436464377426437e-12,6.061898680920912e-13,2.5578150748435694e-13,1.0795993741126447e-13,4.561513208117962e-14,1.9177946280381525e-14,8.087280848861785e-15,3.468290470846408e-15,1.4062824982381074e-15,6.499430624517054e-16,2.3476591045287397e-16,1.1333526710886573e-16,3.8163916475164196e-17,6.013708050168187e-17,9.251858538904495e-18,2.312964634749142e-18,3.556998162150861e-29,1.1157240279693695e-29,3.499692858529506e-30,1.0977490667054694e-30,3.443310776589309e-31,1.080063692493868e-31,3.387837042693472e-32,1.062663239919179e-32,3.333257022828119e-33,1.0455431187285629e-33,3.2795563187418176e-34,1.028698812620817e-34,3.226720764147323e-35,1.0121258780549701e-35,3.1747364209844973e-36,9.958199430780738e-37,3.1235895757434296e-37,9.797767061718779e-38,3.073266735846813e-38,9.639919351180857e-39,3.023754626090585e-39,9.484614658818926e-40,2.9750401851419227e-40,9.331812015135096e-41,2.9271105620936505e-41,9.181471110673857e-42,2.87995311307416e-42,9.033552285388408e-43,2.8335553979119503e-43,8.888016518178298e-44,2.7879051768538977e-44,8.744825416595654e-45,2.7429904073364027e-45,8.603941206717196e-46,2.6987992408085486e-46,8.465326723179461e-47,2.655320019606451e-47,8.32894539937455e-48,2.6125412738779462e-48,8.19476125780383e-49,2.5704517185568468e-49,8.062738900587036e-50,2.529040250385926e-50,7.932843500124284e-51,2.4882959449878714e-51,7.805040789908535e-52,2.4482080539834257e-52,7.679297055486048e-53
0.09625784173246286,0.050103634296816704,0.021135843010382033,0.01658517463039572,0.019809389926087523,0.030066831752606223,0.013774606290289254,0.0030564938082542933,0.0011045619509689616,0.0005321835553333143,0.0002879734072052618,0.00016340542136134088,9.631833518571907e-05,5.8771183624200816e-05,3.67318617454267e-05,2.3281171515845217e-05,1.520478733807451e-05,9.933723145973325e-06,6.489741276960845e-06,4.239649610963363e-06,2.7696386030292723e-06,1.8092953697102748e-06,1.1819281868952997e-06,7.720926589183108e-07,5.043656560653278e-07,3.294731727879593e-07,2.1522542410977253e-07,1.405938698061699e-07,9.184144864258861e-08,5.999440452367618e-08,3.9190658052135063e-08,2.5600840181898884e-08,1.6723446562085165e-08,1.0924392331222523e-08,7.1362284950352415e-09,4.66165550605524e-09,3.045170332164179e-09,1.989220784124969e-09,1.2994343874726611e-09,8.488398575304653e-10,5.544943472633537e-10,3.6221670306004125e-10,2.366136849943753e-10,1.5456503735641495e-10,1.0096772426074604e-10,6.595599661667656e-11,4.3084926499530645e-11,2.8144688960348876e-11,1.8385176317866783e-11,1.2009912905445015e-11,7.845359282855823e-12,5.124835080115377e-12,3.347780386242505e-12,2.1868796456254407e-12,1.4285616340663816e-12,9.331939982664446e-13,6.095996723282887e-13,3.981814877818124e-13,2.6010542925852014e-13,1.699216164599956e-13,1.1100644213359244e-13,7.247179047352249e-14,4.7347046918032123e-14,3.096729222258026e-14,2.0212006671524054e-14,1.3195793664116147e-14,8.651809427614613e-15,5.6423120144342775e-15,3.671666145724625e-15,2.4206827019059215e-15,1.582067810090848e-15,9.932530988164347e-16,6.542385680826816e-16,4.500368331962688e-16,2.914335439641036e-16,2.101493582326189e-16,1.3283025473193837e-16,8.921435019309294e-17,9.516197353929913e-17,4.55984456542475e-17,5.122697009185152e-145,6.134257598808112e-147,7.345567426897374e-149,8.79607025853946e-151,1.0532998677522509e-152,1.2612912116406008e-154,1.5103538595867402e-156,1.80859801457062e-158,2.1657353722417075e-160,2.593395361927609e-162,3.1055038346194627e-164,3.71873652911445e-166,4.453062082489665e-168,5.332392266905044e-170,6.38536062633362e-172,7.646254867891877e-174,9.156133369139102e-176,1.0964162158065283e-177,1.3129215901717876e-179,1.5721795036305693e-181
0.04530513127778536,0.017396541708062086,0.020195991472926774,0.014072001410436621,0.009156130022842577,0.006058504703556344,0.0038518089827738744,0.002379655521391351,0.0013970975104623533,0.0008032822620523405,0.00045623114969048313,0.00025961512564280246,0.00014985389478367364,9.128342225558866e-05,5.971203526978705e-05,4.1326631284347974e-05,3.0231715934656407e-05,2.3220059504853313e-05,1.854287937919829e-05,1.5263125998770922e-05,1.2828208593072324e-05,1.0920499275614479e-05,9.374902470131352e-06,8.092109088114504e-06,7.009616816050898e-06,6.085959155921274e-06,5.2920553273414135e-06,4.606409452798804e-06,4.0123993423267305e-06,3.4967069930470973e-06,3.048379002208376e-06,2.6582395545152382e-06,2.318504865639783e-06,2.0225160610374904e-06,1.7645443264827781e-06,1.5396422075344775e-06,1.3435259165886802e-06,1.1724795792460361e-06,1.0232757673388215e-06,8.931086228211296e-07,7.795370328795828e-07,6.804360234432202e-07,5.939549890482795e-07,5.184816781536594e-07,4.526110683784295e-07,3.9511841800631197e-07,3.449359024858069e-07,3.0113233689211104e-07,2.628955616460522e-07,2.2951713004231273e-07,2.0037899041549074e-07,1.7494189542460935e-07,1.527353116541143e-07,1.3334863100117928e-07,1.1642351423425282e-07,1.0164721819309688e-07,8.874678033773953e-08,7.748394700262435e-08,nan,nan,nan,nan,nan,nan,nan,nan,nan,nan,nan,nan,nan,nan,nan,nan,nan,nan,nan,nan,nan,nan,nan,nan,nan,nan,nan,nan,nan,nan,nan,nan,nan,nan,nan,nan,nan,nan,nan,nan,nan,nan
0.07874083403240044,0.02127260118140358,0.019381336880866816,0.008484876006320988,0.0033325956606640337,0.0037111741641985066,0.00459224510162274,0.0055357246227413235,0.0064047632611840795,0.0069417364904961615,0.0068232442187559,0.005889712298132195,0.004393749336953555,0.00286689140135405,0.0016931019336625202,0.0009404844111287645,0.000505928714979144,0.0002681623025826964,0.00014126207320741942,7.423902772871591e-05,3.89839697010252e-05,2.0466046551238792e-05,1.0743821201445697e-05,5.640067375021445e-06,2.9608411852685305e-06,1.5543563095412366e-06,8.159981644531181e-07,4.283804921613256e-07,2.248905891441555e-07,1.180629110051187e-07,6.198063538699022e-08,3.253859076326629e-08,1.7082111460461506e-08,8.967768990691166e-09,4.707900756739658e-09,2.4715546117651652e-09,1.2975171760433645e-09,6.811707824778373e-10,3.576011778361199e-10,1.8773354894450834e-10,9.855639122274035e-11,5.17401141772059e-11,2.716260054182383e-11,1.425979572517682e-11,7.48610895495716e-12,3.930043790401072e-12,2.0632305387989294e-12,1.0831147486837064e-12,5.686175736612548e-13,2.985528491095124e-13,1.5669410213803303e-13,8.229032534755122e-14,4.318767565791859e-14,2.2628724291199174e-14,1.1958688008105257e-14,6.2608648424397224e-15,3.284079357663521e-15,1.697055194784168e-15,8.941260430463315e-16,4.886963849466091e-16,2.944073556372067e-16,1.427429603089487e-16,9.317943242389707e-17,3.865955175034027e-17,1.586032892321652e-17,1.1895246692412391e-17,7.93016446160826e-18,1.2103102100989307e-87,5.969997049716107e-89,2.944771057554388e-90,1.4525428587644536e-91,7.164837996947215e-93,3.534140367201593e-94,1.7432561825411264e-95,8.598815559706134e-97,4.2414666169181914e-98,2.0921531503399586e-99,1.0319790770056267e-100,5.090357822056834e-102,2.5108786925952287e-103,1.2385203613016923e-104,6.10914692885227e-106,3.0134083673101517e-107,1.4863990167414129e-108,7.331837466629162e-110,3.616514814098467e-111,1.7838883445143891e-112,8.79923846375165e-114,4.340327564786215e-115,2.140917472261691e-116,1.0560326506741784e-117,5.209004895045374e-119,2.5694027527732505e-120,1.267388040321903e-121,6.251540141059182e-123,3.0836454891390574e-124,1.5210443007851496e-125,7.502729393179776e-127,3.7008092609943643e-128,1.825467569003854e-129
0.06312095113450793,0.06142800188129117,0.055772996599483864,0.031384015079312724,0.014947044527943019,0.007657646486393858,0.0018388960568092047,0.0010459425786727952,0.001687837446373535,0.0027317837982448576,0.004421735110732234,0.0070782577530301176,0.010699143914867912,0.013544119604504546,0.011743387848365618,0.006351202839532395,0.0025295785733763466,0.0010526344205727429,0.00044716261644036585,0.00019154968891783652,8.254528524944274e-05,3.629718856821956e-05,1.6131645315757314e-05,7.401167088710296e-06,3.4736393091481823e-06,1.6407813229152748e-06,7.791885553681036e-07,3.7186894468604914e-07,1.782803894561805e-07,8.58203838698311e-08,4.1463100537312125e-08,2.0097311745348456e-08,9.769032616576848e-09,4.760458185386935e-09,2.3248241813798666e-09,1.13749786871477e-09,5.574666928473019e-10,2.735879806433797e-10,1.3443085434510545e-10,6.612253601799369e-11,3.255245973570504e-11,1.6037870436453564e-11,7.906616829510073e-12,3.899993423444365e-12,1.924666775161248e-12,9.501774367315363e-13,4.69260543121765e-13,2.3180861991838647e-13,1.1454428675402742e-13,5.6581723433574945e-14,2.7962751162188428e-14,1.38232679271409e-14,6.805072378617589e-15,3.3951016601260367e-15,1.6643432663800338e-15,8.81239525796218e-16,4.24263798696042e-16,1.913152176362993e-16,9.020562075079397e-17,9.41707029815981e-17,5.650242178895886e-17,3.96508223080413e-18,4.956352788505163e-18,2.1807952269422717e-17,5.253733955815473e-17,5.243561148194498e-54,7.848647256748932e-55,1.1747982338698105e-55,1.7584570247017474e-56,2.632086956359514e-57,3.939750388277435e-58,5.897082193439551e-59,8.826848142373468e-60,1.3212169268252647e-60,1.9776188958658297e-61,2.9601319948899073e-62,4.4307735153059447e-63,6.632053563093473e-64,9.92696519282677e-65,1.4858842288002993e-65,2.2240955805837372e-66,3.3290622887665945e-67,4.982994354756605e-68,7.458626659922218e-69,1.1164193192191517e-69,1.671074519687452e-70,2.5012914075168247e-71,3.743973492269915e-72,5.604040164490707e-73,8.388218087031511e-74,1.2555620696911454e-74,1.8793456422936116e-75,2.813034997207909e-76,4.210596346640647e-77,6.302488810818452e-78,9.433667333650448e-79,1.4120466062426315e-79,2.1135742311890324e-80,3.16363214287469e-81,4.7353758329081184e-82
0.11893062360705287,0.06986360871426493,0.033829845754724024,0.01630192296807857,0.00920982279575645,0.004212366640456334,0.003042270556859107,0.0025470670162566706,0.0023139110340779758,0.0022481002043065307,0.0023177067145109904,0.002525323075032183,0.002902873997006812,0.0035179812066394845,0.0044875653624352006,0.005980321904961848,0.008102341826814477,0.010253213327775736,0.009687930670510662,0.004386798285596564,0.0005046814339766005,9.91496401776136e-06,4.959695992754309e-07,2.7927251791484824e-08,1.555613004730616e-09,8.657653326887838e-11,4.818039196774482e-12,2.681023805739535e-13,1.491862189340054e-14,8.465450562766819e-16,9.627715291671279e-17,6.938893903907228e-18,3.1726669964306846e-99,1.3273849292036768e-102,5.553531940979877e-106,2.3234945900723947e-109,9.721069703874145e-113,4.0671149651626846e-116,1.7016053421834846e-119,7.119200625870567e-123,2.978541280692025e-126,1.2461663362242469e-129,5.213728436819782e-133,2.181327116832956e-136,9.126267407845907e-140,3.818260734796919e-143,1.5974893554355153e-146,6.683598680082045e-150,2.7962935192276226e-153,1.1699172586434256e-156,4.8947164618462675e-160,2.0478584331382174e-163,8.567859231203478e-167,3.584633127848835e-170,1.4997439050438753e-173,6.274649874884221e-177,2.6251969366218407e-180,1.0983336271294116e-183,4.595223846465361e-187,1.9225562868645455e-190,8.04361832994386e-194,3.365300474158096e-197,1.4079791975221366e-200,5.8907233867460894e-204,2.4645692266068972e-207,1.031129977415715e-210,4.314056261219882e-214,1.8049209927554203e-217,7.55145411378577e-221,3.159388109590193e-224,1.321829289646011e-227,5.530288177202493e-231,2.3137698311327458e-234,9.680383119145428e-238,4.05009245399135e-241,1.6944834397551958e-244,7.089403909224272e-248,2.966074888013393e-251,1.2409506291293114e-254,5.191906887313495e-258,2.172197385922304e-261,9.088070309845654e-265,3.802279778622857e-268,1.5908032202679797e-271,6.655625132697492e-275,2.784589906697094e-278,1.1650206845914557e-281,4.874230105702914e-285,2.039287322325271e-288,8.531999295911056e-292,3.5696299971317025e-295,1.4934668738813871e-298,6.248387942653067e-302,2.6142094320729485e-305,1.0937366593530375e-308,4.575990987317e-312,1.91450962e-315,8.0099e-319,3.4e-322,0.0
0.171345552541786,0.08238093664011593,0.03645435347221,0.040193832845976704,0.02618567694471404,0.007980293528888988,0.0013083159372247657,0.00016327047906440525,2.4273176209949958e-05,3.6881436052156647e-06,5.605180583654473e-07,8.519918828168299e-08,1.2950977642742223e-08,1.9686821730105497e-09,2.992610577748356e-10,4.549095648787027e-11,6.915146406882844e-12,1.05117563958812e-12,1.598009918835075e-13,2.4278322408033404e-14,3.701899897734506e-15,5.35162192338845e-16,8.760353553682876e-17,1.0408340855860843e-17,3.469446951953614e-18,1.1275702593849246e-17,7.806255641895632e-18,3.469446951953614e-18,1.1275702593849246e-17,7.806255641895632e-18,3.469446951953614e-18,1.1275702593849246e-17,7.806255641895632e-18,3.469446951953614e-18,1.1275702593849246e-17,7.806255641895632e-18,3.469446951953614e-18,1.1275702593849246e-17,7.806255641895632e-18,3.469446951953614e-18,1.1275702593849246e-17,7.806255641895632e-18,3.469446951953614e-18,1.1275702593849246e-17,7.806255641895632e-18,3.469446951953614e-18,1.1275702593849246e-17,7.806255641895632e-18,3.469446951953614e-18,1.1275702593849246e-17,7.806255641895632e-18,3.469446951953614e-18,1.1275702593849246e-17,7.806255641895632e-18,3.469446951953614e-18,1.1275702593849246e-17,7.806255641895632e-18,3.469446951953614e-18,1.1275702593849246e-17,7.806255641895632e-18,3.469446951953614e-18,1.1275702593849246e-17,7.806255641895632e-18,3.469446951953614e-18,1.1275702593849246e-17,7.806255641895632e-18,3.469446951953614e-18,1.1275702593849246e-17,7.806255641895632e-18,3.469446951953614e-18,1.1275702593849246e-17,7.806255641895632e-18,3.469446951953614e-18,1.1275702593849246e-17,7.806255641895632e-18,3.469446951953614e-18,1.1275702593849246e-17,7.806255641895632e-18,3.469446951953614e-18,1.1275702593849246e-17,7.806255641895632e-18,3.469446951953614e-18,1.1275702593849246e-17,7.806255641895632e-18,3.469446951953614e-18,1.1275702593849246e-17,7.806255641895632e-18,3.469446951953614e-18,1.1275702593849246e-17,7.806255641895632e-18,3.469446951953614e-18,1.1275702593849246e-17,7.806255641895632e-18,3.469446951953614e-18,1.1275702593849246e-17,7.806255641895632e-18,3.469446951953614e-18,1.1275702593849246e-17,7.806255641895632e-18,3.469446951953614e-18
0.13610063212253243,0.06566053712064442,0.06446339212520855,0.023818184706685428,0.008175469962402426,0.003540665499852754,0.0012844908908848174,0.00043559366213297233,0.00014430713152346203,4.743422090455838e-05,1.5551327526414777e-05,5.094134364976369e-06,1.668208527606449e-06,5.462478351158512e-07,1.7886104250117163e-07,5.856489708813695e-08,1.9175979761552886e-08,6.278808864328134e-09,2.055875485476588e-09,6.731569104218016e-10,2.2041227350222403e-10,7.216975628221434e-11,2.3630588805167996e-11,7.737371507388069e-12,2.5334899109163977e-12,8.294979286782578e-13,2.7160825671890265e-13,8.894534414549682e-14,2.911733354427071e-14,9.558326352632207e-15,3.1216348950202644e-15,1.0139458717084437e-15,3.1138286393783687e-16,1.3791051634015616e-16,3.642919299551295e-17,6.331740687315346e-17,4.5102810375396984e-17,5.377642775528102e-17,6.245004513516506e-17,6.331740687315346e-17,5.984795992119984e-17,5.4643789493269423e-17,4.423544863740858e-17,5.377642775528102e-17,6.245004513516506e-17,6.331740687315346e-17,5.984795992119984e-17,5.4643789493269423e-17,4.423544863740858e-17,5.377642775528102e-17,6.245004513516506e-17,6.331740687315346e-17,5.984795992119984e-17,5.4643789493269423e-17,4.423544863740858e-17,5.377642775528102e-17,6.245004513516506e-17,6.331740687315346e-17,5.984795992119984e-17,5.4643789493269423e-17,4.423544863740858e-17,5.377642775528102e-17,6.245004513516506e-17,6.331740687315346e-17,5.984795992119984e-17,5.4643789493269423e-17,4.423544863740858e-17,5.377642775528102e-17,6.245004513516506e-17,6.331740687315346e-17,5.984795992119984e-17,5.4643789493269423e-17,4.423544863740858e-17,5.377642775528102e-17,6.245004513516506e-17,6.331740687315346e-17,5.984795992119984e-17,5.4643789493269423e-17,4.423544863740858e-17,5.377642775528102e-17,6.245004513516506e-17,6.331740687315346e-17,5.984795992119984e-17,5.4643789493269423e-17,4.423544863740858e-17,5.377642775528102e-17,6.245004513516506e-17,6.331740687315346e-17,5.984795992119984e-17,5.4643789493269423e-17,4.423544863740858e-17,5.377642775528102e-17,6.245004513516506e-17,6.331740687315346e-17,5.984795992119984e-17,5.4643789493269423e-17,4.423544863740858e-17,5.377642775528102e-17,6.245004513516506e-17,6.331740687315346e-17
0.15293931286472992,0.11310199631883713,0.05995350426691099,0.01746397026300247,0.0007735908096722982,0.0003785477362848491,0.00021897595480349278,0.0001274741949805478,7.447901813636818e-05,4.360834310477343e-05,2.5564967712591756e-05,1.4998131432754662e-05,8.80267111265029e-06,5.167739103407532e-06,3.0342442171047215e-06,1.781713908398071e-06,1.0462787785850587e-06,6.144262861707689e-07,3.6082759788435073e-07,2.1190156484422566e-07,1.2444320790071933e-07,7.308188981649914e-08,4.291896527021041e-08,2.5205147722012072e-08,1.4802312245723592e-08,8.693007593277291e-09,5.105175375106838e-09,2.9981359977136746e-09,1.7607270942892467e-09,1.0340291125513629e-09,6.072583451713354e-10,3.566270356282486e-10,2.0943778677486036e-10,1.2299735275417278e-10,7.223311814137656e-11,4.242068198448412e-11,2.491256745167092e-11,1.4630514248020754e-11,8.592086027034429e-12,5.045919845153568e-12,2.963345931486505e-12,1.740306466643804e-12,1.0219659320187535e-12,6.002223457840516e-13,3.524437686142079e-13,2.069893735578976e-13,1.2161452400683004e-13,7.141943286770314e-14,4.1956238830409553e-14,2.467644144577008e-14,1.4446993948369347e-14,8.490604053168482e-15,4.948515555658339e-15,2.9217080144139373e-15,1.7420960507497085e-15,1.0286910212542466e-15,5.887217796596289e-16,3.5084782301630923e-16,2.187919984075748e-16,1.3552527156068805e-16,8.326672684688674e-17,6.245004513516506e-17,4.163336342344337e-17,5.572799166575493e-17,8.153200337090993e-17,7.979727989493313e-17,9.90960785651751e-17,7.3075226425523e-17,0.0,0.0,0.0,0.0,0.0,0.0,0.0,0.0,0.0,0.0,0.0,0.0,0.0,0.0,0.0,0.0,0.0,0.0,0.0,0.0,0.0,0.0,0.0,0.0,0.0,0.0,0.0,0.0,0.0,0.0,0.0,0.0
0.014794903158259959,0.013558641082510776,0.007944828506783007,0.0042255587329751414,0.0018477866710713354,0.0006644266396838371,0.0003013790175569942,0.00015162773418874053,8.181859215881937e-05,4.89516013090851e-05,3.1265037749808135e-05,1.953339940622165e-05,1.2067888045716303e-05,7.412688361684634e-06,4.53961699312959e-06,2.7757955581405837e-06,1.6959221834243909e-06,1.035723295234202e-06,6.32395468215684e-07,3.860880357673155e-07,2.3570017558152997e-07,1.4388694872540118e-07,8.783688320826124e-08,5.3620333642337116e-08,3.273261592175015e-08,nan,nan,nan,nan,nan,nan,nan,nan,nan,nan,nan,nan,nan,nan,nan,nan,nan,nan,nan,nan,nan,nan,nan,nan,nan,nan,nan,nan,nan,nan,nan,nan,nan,nan,nan,nan,nan,nan,nan,nan,nan,nan,nan,nan,nan,nan,nan,nan,nan,nan,nan,nan,nan,nan,nan,nan,nan,nan,nan,nan,nan,nan,nan,nan,nan,nan,nan,nan,nan,nan,nan,nan,nan,nan,nan
0.09042423925550616,0.04043847961871976,0.03464533002795849,0.02727738515912705,0.01172465040904984,0.014357469886832758,0.022866064185798618,0.017372565071377796,0.005382304955283106,0.0012714061975988382,0.0003842201918560985,0.00015631984234405297,6.705121954581307e-05,2.9394534041346525e-05,1.2994303044237682e-05,5.762310619510992e-06,2.558235755969039e-06,1.1362238662067817e-06,5.047165316896323e-07,2.242063512753832e-07,9.959781953909855e-08,4.424340609636245e-08,1.9653645623436735e-08,8.730393804646349e-09,3.878120773409324e-09,1.722686525877711e-09,7.652249973885343e-10,3.3991520483874754e-10,1.5099085800273205e-10,6.707026500082134e-11,2.979259742706482e-11,1.323386107270616e-11,5.8784969666498814e-12,2.611193256788097e-12,1.1599138602069476e-12,5.152038395818161e-13,2.288648410135749e-13,1.0168411849031892e-13,4.512440661556834e-14,2.0047238385933454e-14,8.94500621797681e-15,3.9428340491118376e-15,1.7609371889829503e-15,7.416906981427266e-16,3.6853237823442266e-16,1.7270136383854197e-16,5.396917631962163e-17,7.247289239834526e-17,1.3877787981993318e-17,1.5419764822188309e-18,2.0072241164245042e-26,6.813905053259129e-27,2.3131100157252882e-27,7.852293072828291e-28,2.6656106316812855e-28,9.048923637763384e-29,3.071829697439634e-29,1.0427911724985606e-29,3.539953501808197e-30,1.2017047253036423e-30,4.079415862608032e-31,1.3848355115598963e-31,4.701088240734803e-32,1.595874055993921e-32,5.4174988261790417e-33,1.83907329161839e-33,6.2430850111130665e-34,2.119334266536248e-34,7.194484337982675e-35,2.442304911819004e-35,8.290869785905694e-36,2.8144938608688372e-36,9.554336152202691e-37,3.2434016139977442e-37,1.1010345315574784e-37,3.737671691504681e-38,1.2688239354049875e-38,4.307264821347897e-39,1.4621831858254998e-39,4.963659671711937e-40,1.6850089356396007e-40,5.720084173712211e-41,1.9417916583292886e-41,6.591782095944576e-42,2.237706141852577e-42,7.59632024299677e-43,2.5787157730366597e-43,8.753942468708638e-44,2.9716927141303564e-44,1.0087977638397893e-44,3.4245563933617364e-45,1.1625309761468942e-45,3.9464331004179e-46,1.3396919768704824e-46,4.547839903078775e-47,1.543850985235475e-47,5.240896591366362e-48,1.7791222950967748e-48,6.039569920392553e-49,2.0502471878318175e-49
0.12881079126235961,0.12124102434243067,0.056946127129555366,0.014200510053678363,0.0027929597199796816,0.0005292423790854924,9.617580249341149e-05,1.7585648352795285e-05,3.297215450819981e-06,6.24708148119314e-07,1.1815984683977057e-07,2.2327537334920657e-08,4.216621103475373e-09,7.960536586793248e-10,1.5025665087724326e-10,2.835784809162641e-11,5.351582603003286e-12,1.0099193857743147e-12,1.905620722948252e-13,3.596525083921719e-14,6.776408138324146e-15,1.2746362607371844e-15,2.428612866367532e-16,4.1826110476329694e-17,5.782411586589357e-17,1.850371707708594e-17,1.0592684029032365e-36,5.176912179353105e-38,2.5300877133009994e-39,1.2365177571539518e-40,6.04317453390653e-42,2.953452001474936e-43,1.44342657589562e-44,7.054390181256628e-46,3.4476586243073723e-47,1.6849578325484172e-48,8.234814425794913e-50,4.024561761567492e-51,1.9669049641161423e-52,9.612761257160905e-54,4.6979991749981334e-55,2.29603083420401e-56,1.1221282497602093e-57,5.484124124780934e-59,2.6802299489769716e-60,1.3098960592326228e-61,6.401792826201634e-63,3.128717817016395e-64,1.529083405893948e-65,7.473016740160635e-67,3.6522519951141486e-68,1.7849477794062257e-69,8.723490546296871e-71,4.2633901220710114e-72,2.083626414966267e-73,1.0183208462837604e-74,4.976791129771037e-76,2.4322835027641003e-77,1.1887183696396304e-78,5.80956685646586e-80,2.8392820302742126e-81,1.3876288278644803e-82,6.781692496164564e-84,3.314384379237355e-85,1.6198233434419683e-86,7.916485729284253e-88,3.868986488908841e-89,1.8908713996649307e-90,9.241166027124518e-92,4.5163912022791905e-93,2.207274431836158e-94,1.0787507545801068e-95,5.272127351826859e-97,2.5766217725335406e-98,1.2592601270136987e-99,6.154322238484128e-101,3.007772691486822e-102,1.4699744688510447e-103,7.184136438201912e-105,3.5110688965258726e-106,1.715948033865131e-107,8.386271365506685e-109,4.098582592708345e-110,2.0030808135239645e-111,9.789561768612493e-113,4.7844060496430285e-114,2.338260055853875e-115,1.1427667367843293e-116,5.584989622652626e-118,2.729525464917721e-119,1.3339880227200365e-120,6.519536335647101e-122,3.186262043429397e-123,1.5572067224917461e-124,7.610462490283934e-126,3.719425204082095e-127,1.8177770229368816e-128,8.883935349716849e-130,4.3418035491743087e-131,2.1219490369460483e-132
0.15442097883396902,0.053315355737144354,0.03755012218820113,0.010596390130988105,0.0007837048083056357,4.4863745759489583e-05,2.5352295176859897e-06,1.449866579217924e-07,8.316966532140313e-09,4.810006297582979e-10,2.815839922343244e-11,1.6625867349517875e-12,9.97311801044355e-14,6.011395085418296e-15,3.785552118687166e-16,3.932039878880763e-17,3.854941057726238e-18,2.1587669923266933e-17,2.0816681711721685e-17,3.854941057726238e-18,1.3877787807814457e-17,9.25185853854297e-18,2.0816681711721685e-17,3.854941057726238e-18,1.3877787807814457e-17,9.25185853854297e-18,2.0816681711721685e-17,3.854941057726238e-18,1.3877787807814457e-17,9.25185853854297e-18,2.0816681711721685e-17,3.854941057726238e-18,1.3877787807814457e-17,9.25185853854297e-18,2.0816681711721685e-17,3.854941057726238e-18,1.3877787807814457e-17,9.25185853854297e-18,2.0816681711721685e-17,3.854941057726238e-18,1.3877787807814457e-17,9.25185853854297e-18,2.0816681711721685e-17,3.854941057726238e-18,1.3877787807814457e-17,9.25185853854297e-18,2.0816681711721685e-17,3.854941057726238e-18,1.3877787807814457e-17,9.25185853854297e-18,2.0816681711721685e-17,3.854941057726238e-18,1.3877787807814457e-17,9.25185853854297e-18,2.0816681711721685e-17,3.854941057726238e-18,1.3877787807814457e-17,9.25185853854297e-18,2.0816681711721685e-17,3.854941057726238e-18,1.3877787807814457e-17,9.25185853854297e-18,2.0816681711721685e-17,3.854941057726238e-18,1.3877787807814457e-17,9.25185853854297e-18,2.0816681711721685e-17,3.854941057726238e-18,1.3877787807814457e-17,9.25185853854297e-18,2.0816681711721685e-17,3.854941057726238e-18,1.3877787807814457e-17,9.25185853854297e-18,2.0816681711721685e-17,3.854941057726238e-18,1.3877787807814457e-17,9.25185853854297e-18,2.0816681711721685e-17,3.854941057726238e-18,1.3877787807814457e-17,9.25185853854297e-18,2.0816681711721685e-17,3.854941057726238e-18,1.3877787807814457e-17,9.25185853854297e-18,2.0816681711721685e-17,3.854941057726238e-18,1.3877787807814457e-17,9.25185853854297e-18,2.0816681711721685e-17,3.854941057726238e-18,1.3877787807814457e-17,9.25185853854297e-18,2.0816681711721685e-17,3.854941057726238e-18,1.3877787807814457e-17,9.25185853854297e-18,2.0816681711721685e-17,3.854941057726238e-18
0.02803788720240431,0.011061665710109131,0.01572886005319215,0.013973737257917562,0.007453923359713092,0.004662757955875286,0.003902138527647896,0.003957982184274194,0.00412605708293174,0.004155736536542861,0.0038262818394401454,0.0032566521232728933,0.002646322513435017,0.0020517396454183276,0.001569169406603899,0.0012120431830211463,0.0009523666568891304,0.0007579909318552573,0.0006090949251310451,0.0005008821176364273,0.0004139429269063255,0.0003428757449176435,0.00028469730958147085,0.00023693853258251012,0.00019760679426140634,0.00016511020891780775,0.00013817964350649578,0.000115801022189789,9.716053712489412e-05,8.160168223244845e-05,6.859199325277105e-05,5.7697380249410104e-05,4.856227173908048e-05,4.089417201546889e-05,3.4451568527518736e-05,2.9034392376390412e-05,2.4476437012456442e-05,2.063929029668121e-05,1.740744565716379e-05,1.4684339401426633e-05,1.238912125125502e-05,1.0454009688564553e-05,8.822116957054455e-06,7.445653624393172e-06,6.284441634991228e-06,5.304679371691268e-06,4.477913514041448e-06,3.7801812668707137e-06,3.1912934412278714e-06,2.6942343333662133e-06,2.2746587141318775e-06,1.9204697398578217e-06,1.6214644296484726e-06,1.3690356504468538e-06,1.1559214302542253e-06,9.759939608895707e-07,8.240819167504298e-07,6.958207667003003e-07,5.875266253153876e-07,4.960899067471547e-07,4.188856531639473e-07,3.5369790383696365e-07,2.9865589731281614e-07,2.521802446885102e-07,2.1293751211667876e-07,1.798018923068745e-07,1.5182285649020799e-07,1.2819785225673398e-07,1.0824925672572872e-07,9.140492348638784e-08,7.71817587882917e-08,6.517185824339577e-08,5.503080087801426e-08,4.646776806602193e-08,3.923719958040528e-08,3.3131749836018407e-08,2.7976339736501822e-08,2.362313546722117e-08,1.9947308107365336e-08,1.6843453500003935e-08,1.4222569483246517e-08,1.200950344726337e-08,1.0140797093022291e-08,8.56286656164551e-09,7.230466325669482e-09,6.105390715910319e-09,5.155379651650138e-09,4.353192443323773e-09,3.6758272072001664e-09,3.1038616052359025e-09,2.6208948726569314e-09,2.2130787709351286e-09,1.868719756020765e-09,1.5779434668627967e-09,1.3324126704739036e-09,1.1250868688084114e-09,9.500213296598225e-10,8.021963621152039e-10,6.773731756060108e-10,5.719726990649487e-10
0.10708760562719348,0.03336552374659285,0.006209866902481597,0.007260464438938359,0.014023051190879904,0.020945247308913208,0.010548704783538324,0.0018245309530943957,0.001610211001781697,0.0015381981579190335,0.0014138631096550054,0.001243311426991919,0.0010487557068113117,0.0008525409227714855,0.0006716449540497233,0.0005157774654406449,0.0003881735945629729,0.0002876466375936476,0.00021068159218369195,0.00015298187888044407,0.0001103835204609549,7.92816200829903e-05,5.6754561376597124e-05,4.053170283545224e-05,2.889672716331615e-05,2.0576609944108344e-05,1.4639360959869951e-05,1.040883345894278e-05,7.3976040601032855e-06,5.255866948906951e-06,3.7333711742706943e-06,2.651486595364738e-06,1.8829076309574699e-06,1.3370080364567826e-06,9.493240106253631e-07,6.740272851843421e-07,4.785508695752394e-07,3.3975820389192666e-07,2.4121569042884206e-07,1.712524231228807e-07,1.215807311764905e-07,8.631584826404581e-08,6.12794345773715e-08,4.350486563428624e-08,3.088588945640569e-08,2.19271318539771e-08,1.556693600482384e-08,1.1051574754644688e-08,7.845940135087215e-09,5.570134304494489e-09,3.9544513739941944e-09,2.807415898364862e-09,1.9930912989463144e-09,1.414971274871224e-09,1.0045417817017289e-09,7.131623097622608e-10,5.06300951164107e-10,3.5944219059502735e-10,2.551816730145262e-10,1.8116308800331105e-10,1.286145558110352e-10,9.130833242276815e-11,6.48232419131478e-11,4.602046313473274e-11,3.267168480203253e-11,2.3194880738319768e-11,1.6466888269617287e-11,1.169047220139774e-11,8.299556875090985e-12,5.892149962383187e-12,4.183059454376803e-12,2.969696016874579e-12,2.108263563727064e-12,1.4967825590073148e-12,1.0626298452276473e-12,7.543597690951031e-13,5.355452192823406e-13,3.8021044646008305e-13,2.6994517732248367e-13,1.9159049347017286e-13,1.3605644388903215e-13,9.661160760288113e-14,6.857708845231514e-14,4.869576963884015e-14,3.4600794451833394e-14,2.4481111582375092e-14,1.7446460942593946e-14,1.2369966162495416e-14,8.790190797469677e-15,6.195738366798764e-15,4.4193815273985136e-15,3.128747261271769e-15,2.2391810627908625e-15,1.5584755708175635e-15,1.1102230246251565e-15,8.097689185859736e-16,5.502542865798432e-16,3.8441472227646044e-16,3.372302437298913e-16,1.85268467234323e-16
0.11482971827313859,0.05692371017175578,0.03777192384438388,0.11262500242853479,0.09585102840859146,0.02064625113858461,0.00020940549999551875,5.4088718753171375e-05,1.0483792327717655e-05,2.0140060812526297e-06,3.866514821259432e-07,7.422263764515414e-08,1.4247718114203827e-08,2.73497126708776e-09,5.250007350006625e-10,1.0077830687986354e-10,1.934520463147735e-11,3.713505596989571e-12,7.128330996552536e-13,1.3682648790994638e-13,2.628384063889974e-14,5.027067009142242e-15,1.0037308224330451e-15,1.904066922689962e-16,2.5647298700786168e-17,6.14911730336577e-20,1.180374648258205e-20,2.2658281530717524e-21,4.34944720884034e-22,8.349128770795155e-23,1.602685304229848e-23,3.076488882743261e-24,5.90557848172887e-25,1.1336253285193332e-25,2.1760889122657956e-26,4.1771852083361205e-27,8.018457410627533e-28,1.5392101628086105e-28,2.954643024172271e-29,5.6716851351606914e-30,1.088727538630981e-30,2.0899038383235137e-31,4.011745729268051e-32,7.700882452663884e-33,1.47824898564961e-33,2.8376229308865656e-34,5.44705524986699e-35,1.0456079478408198e-35,2.007132166714459e-36,3.852858562311902e-37,7.395885207439837e-38,1.4197022059591328e-38,2.7252374760734467e-39,5.2313219418981174e-40,1.004196129697107e-40,1.9276387079567905e-41,3.700264199916912e-42,7.1029675284429175e-43,1.3634742003354076e-43,2.6173031025918468e-44,5.0241328579241e-45,9.644244470224399e-46,1.851293626814736e-46,3.5537134124567796e-47,6.821650998498803e-48,1.3094731325886192e-48,2.513643523171735e-49,4.825149599742254e-50,9.262279414431586e-51,1.7779722302410214e-51,3.412966841167391e-52,6.551476148381167e-53,1.257610803746517e-53,2.414089432487304e-54,4.6340471715775166e-55,8.89544227294012e-56,1.707554763717977e-56,3.2777946072064673e-57,6.292001706368868e-58,1.2078025080006186e-58,2.3184782306336255e-59,4.450513449272678e-60,8.543133897247703e-61,1.6399262156646276e-61,3.147975936196579e-62,6.042803877524768e-63,1.1599668943577369e-63,2.2266537575551464e-64,4.274248670501622e-65,8.204778868423786e-66,1.5749761295903515e-66,3.0232987976383325e-67,5.803475651519096e-68,1.1140258337708658e-68,2.1384660379922836e-69,4.1049649451728996e-70,7.879824557288172e-71,1.5125984236882804e-71,2.9035595586047735e-72,5.57362613786682e-73
0.14081693473065957,0.0709124447090259,0.04697214189314217,0.05287832298956552,0.05200591157596325,0.009821591974309997,4.044035926737329e-05,3.6989601433405143e-09,1.074327606242541e-11,2.7563715199185878e-14,6.869504964868156e-17,7.019264049633955e-161,3.013e-320,0.0,0.0,0.0,0.0,0.0,0.0,0.0,0.0,0.0,0.0,0.0,0.0,0.0,0.0,0.0,0.0,0.0,0.0,0.0,0.0,0.0,0.0,0.0,0.0,0.0,0.0,0.0,0.0,0.0,0.0,0.0,0.0,0.0,0.0,0.0,0.0,0.0,0.0,0.0,0.0,0.0,0.0,0.0,0.0,0.0,0.0,0.0,0.0,0.0,0.0,0.0,0.0,0.0,0.0,0.0,0.0,0.0,0.0,0.0,0.0,0.0,0.0,0.0,0.0,0.0,0.0,0.0,0.0,0.0,0.0,0.0,0.0,0.0,0.0,0.0,0.0,0.0,0.0,0.0,0.0,0.0,0.0,0.0,0.0,0.0,0.0,0.0
